name,composite_score,composite_rank,h_index,citations_per_paper,venue_diversity,total_paper_count,institution
Qiang Yang,0.9387338383738888,1.0,54,110.145,0.8612298020106015,200,
Zhiyong Lu,0.9375426702777465,2.0,75,104.56794425087108,0.8534260071384888,287,
L. Deng,0.936244451015515,3.0,88,115.8464566929134,0.7898011403440507,508,
Dan Jurafsky,0.9322683931086738,4.0,104,159.06162464985994,0.8300027703142294,357,Stanford University
Geoffrey E. Hinton,0.9250946747774539,5.0,159,1120.1004273504273,0.8031834165691187,468,
Christopher Potts,0.9247243819686196,6.0,56,173.6448087431694,0.8660179344581816,183,
Soujanya Poria,0.9239402293484237,7.0,71,110.51867219917013,0.8202822787760455,241,
Christopher D. Manning,0.9227987393239865,8.0,144,346.390243902439,0.7825821716815232,492,Stanford University
J. Pei,0.9210893036649338,9.0,92,107.34868421052632,0.8436412301160374,456,
Yiming Yang,0.9127037189374296,10.0,67,148.01719197707737,0.907983071487788,349,
J. Weston,0.9116285099172791,11.0,106,374.4268292682927,0.8050368500209528,246,
Noah A. Smith,0.9072036662737079,12.0,109,121.76235294117647,0.7096974753648567,425,University of Washington
Kyunghyun Cho,0.9022431536388426,13.0,90,357.3079268292683,0.7734204557263398,328,
E. Belding-Royer,0.8997094611762952,14.0,57,227.11428571428573,0.9530681100444496,210,
Zachary Chase Lipton,0.8967020288913568,15.0,54,106.54347826086956,0.7609566357409254,184,
Yann LeCun,0.8937630884929678,16.0,132,604.4864197530865,0.7745717172741401,405,Facebook
Dragomir R. Radev,0.8919915649755765,17.0,80,90.84131736526946,0.7962499356921603,334,
E. Cambria,0.8915384833263267,18.0,104,92.49007936507935,0.857498977247996,504,
Yejin Choi,0.8905807883374679,19.0,104,168.73285198555956,0.7280717561419996,277,
Xiaodong He,0.890386629802148,20.0,70,144.2127659574468,0.8128420505491283,282,
J. Dudley,0.8893484906805069,21.0,67,173.8442367601246,0.9252132129897558,321,
R. Socher,0.8889237622429057,22.0,86,691.9041095890411,0.7729186640546605,219,
Kai-Wei Chang,0.8876025087037893,23.0,59,132.7866108786611,0.7654901001137179,239,UCLA
Song Han,0.884886639861917,24.0,53,475.35051546391753,0.8534990553504053,97,
Jianfeng Gao,0.8803629820125436,25.0,94,141.0122249388753,0.7991515297753699,409,
G. Ceder,0.879372269006335,26.0,153,99.87640449438204,0.8478456763524179,979,
Chuang Gan,0.8734678572591864,27.0,60,112.8872180451128,0.8447477233957605,133,
Luke Zettlemoyer,0.8727346716372772,28.0,111,373.5345454545455,0.7049010147471566,275,University of Washington
A. Halevy,0.8682869274081918,29.0,96,100.5951742627346,0.8649441896196394,373,
Hannaneh Hajishirzi,0.8588266667459409,30.0,74,146.70103092783506,0.758138586211407,194,
Sebastian Riedel,0.8509369830953977,31.0,67,128.89711934156378,0.8521132125343714,243,
M. Salathé,0.8482723907465924,32.0,45,111.775,0.9236435212555492,120,
L. Bottou,0.8461656602436216,33.0,74,588.39898989899,0.8471391508934653,198,
Sebastian Ruder,0.8446974613928443,34.0,52,233.47706422018348,0.753258777547645,109,Cohere
Samuel R. Bowman,0.8420411534368317,35.0,43,310.5050505050505,0.8294722179803085,99,New York University
W. Bruce Croft,0.8406294676797944,36.0,125,84.38842975206612,0.7082596997232361,726,"University of Massachusetts, Amherst"
Maosong Sun,0.8299471901976572,37.0,91,79.46761133603239,0.7524457397879248,494,
M. Ghassemi,0.8254967257018746,38.0,21,132.95454545454547,0.9564402641738065,66,
Vicente Ordonez,0.824884380882533,39.0,34,159.0731707317073,0.8820631489797803,82,Rice University
S. Quarteroni,0.8225321256116167,40.0,15,190.15942028985503,0.9706319429726956,69,
Colin Raffel,0.8213235860950914,41.0,54,526.4509803921569,0.8575351837438392,102,
H. Krumholz,0.8212316855582201,42.0,106,89.31317829457365,0.7877789223932117,645,
Diyi Yang,0.8202995512473715,43.0,39,114.63855421686748,0.903916789749271,83,
Jianfeng Gao,0.820133905107246,44.0,53,120.30555555555556,0.7777191216381607,144,
Michael D. Ernst,0.8167375174912732,45.0,71,83.29083665338645,0.8727312361723432,251,University of Washington
E. Hovy,0.8160593533224445,46.0,97,76.75752773375595,0.8141478804639817,631,
P. Bourne,0.808027145596704,47.0,70,76.4289156626506,0.7896210330017208,415,
Lysandre Debut,0.807207461902997,48.0,6,144.87692307692308,0.9211854965885544,65,
Maarten Sap,0.8047077591740102,49.0,44,89.46610169491525,0.7273058091922423,118,"Carnegie Mellon University, Allen Institute for AI"
Marcos Zampieri,0.8017847507561827,50.0,43,65.63194444444444,0.919542435995628,144,
Yoav Goldberg,0.8004672992699067,51.0,42,81.44642857142857,0.8165833314784073,112,
R. Collobert,0.8003950362737364,52.0,53,267.4255319148936,0.8314405303343353,141,
Mark Johnson,0.7977646268397804,53.0,54,79.36016949152543,0.8723079099469023,236,
Mohit Iyyer,0.7960602941199842,54.0,42,180.6578947368421,0.7180256951091788,114,
Michihiro Yasunaga,0.7947880489955644,55.0,33,188.9324324324324,0.8784812531861971,74,
Margaret E. Roberts,0.7922818282521524,56.0,28,204.97916666666663,0.9533031244083686,48,
Matthew E. Peters,0.7919362649015811,57.0,34,278.27710843373495,0.9118482000892404,83,Allen Institute for Artificial Intelligence
Alexander M. Rush,0.7918906416406006,58.0,57,174.4927536231884,0.7812457826431783,138,Cornell Tech
Xipeng Qiu,0.7912852565053713,59.0,59,76.82113821138212,0.7656083613562938,246,Fudan University
Yoav Goldberg,0.7912215044291248,60.0,51,169.80833333333334,0.8327885191895417,120,Bar-Ilan University
Hoifung Poon,0.7894141010788073,61.0,43,93.0,0.8398367786493184,115,
Canwen Xu,0.788591328935435,62.0,18,197.6,0.9137080707266794,30,
Hinrich Schütze,0.7863560159926608,63.0,67,63.25522041763341,0.7724700617741516,431,
Yuhao Zhang,0.7846758552761062,64.0,19,130.8095238095238,0.967839575350826,42,"AWS AI, Stanford University"
Thomas Wolf,0.7813723639264006,65.0,16,131.39805825242718,0.9073913120692374,103,HuggingFace Inc.
Pavel P. Kuksa,0.7803153300208792,66.0,19,133.59756097560975,0.8869602687611484,82,
Devamanyu Hazarika,0.7777648669964737,67.0,27,177.7037037037037,0.914618612970492,54,National University of Singapore
Yifan Peng,0.7774534330686803,68.0,29,76.66666666666667,0.9221431518002916,93,Weill Cornell Medicine
Steven Bethard,0.7745168932263338,69.0,45,76.56989247311827,0.8696908586584576,186,University of Arizona
Eric Brill,0.774455598214079,70.0,39,186.0289855072464,0.8897025426129932,69,
O. Oktay,0.7739574631069467,71.0,34,132.1772151898734,0.8360419650225894,79,
Teven Le Scao,0.7738332171541206,72.0,18,215.3125,0.8533326694521176,48,
Jieyu Zhao,0.7706530057473637,73.0,13,121.38235294117646,0.928205831366975,34,UCLA
Holger Schwenk,0.7702653062352687,74.0,47,229.1377245508982,0.9095802104570604,167,
Stephen H. Bach,0.7696882203129392,75.0,25,154.48076923076923,0.9297909915641532,52,
Victor Zhong,0.7689994556571467,76.0,22,151.8780487804878,0.9256424155276598,41,University of Washington
Junyuan Xie,0.7689192136686233,77.0,22,87.97872340425532,0.876701112939602,94,
Chris S. Hulleman,0.7673435426420626,78.0,33,119.46987951807228,0.9636286978209656,83,
Debajyoti Datta,0.766221363942013,79.0,14,103.57627118644068,0.9193577076335152,59,
Yu Zhang,0.7659440530757871,80.0,31,124.1896551724138,0.909875223060391,58,
Yanis Labrak,0.7658489081107371,81.0,7,168.6,0.9575261403463023,15,
William Yang Wang,0.7632290553512695,82.0,58,64.25581395348837,0.7765592384877209,215,
Jacob Eisenstein,0.7624514241762333,83.0,53,70.93452380952381,0.828317157244893,168,
Pengfei Liu,0.7598709060974298,84.0,40,127.5050505050505,0.8018107476606204,99,
Zexian Zeng,0.7598474490493216,85.0,19,91.8076923076923,0.93004465328878,52,
Eneko Agirre,0.7591127284210829,86.0,56,59.875,0.8432652096079251,304,University of the Basque Country (UPV/EHU)
Batya Friedman,0.7579299731297563,87.0,48,86.18518518518519,0.8605832256272603,135,
Zhijian Liu,0.7573754061408928,88.0,23,210.15625,0.9397167748083826,32,Massachusetts Institute of Technology
Riccardo Miotto,0.7572825877576993,89.0,31,118.06451612903226,0.9626001735333608,62,
L. Briand,0.7572619204359015,90.0,86,57.80297397769517,0.8260934102226952,538,
Shaoxiong Ji,0.7571665333581515,91.0,22,76.46,0.9371150879577616,50,Technical University of Darmstadt
Yuhui Zhang,0.756676169073184,92.0,16,244.46666666666667,0.9267209661324796,30,Stanford University
D. Roth,0.75643171288587,93.0,94,60.2457337883959,0.7862266536349182,586,
Chen Luo,0.7561666666666667,94.0,2,160.33333333333334,0.9999999999999998,3,
Richard G. Netemeyer,0.7547821700631063,95.0,64,222.91176470588235,0.9704516348198234,136,
Weizhe Yuan,0.7541792040285283,96.0,10,209.82608695652175,0.9030899869919434,23,
Ryan T. McDonald,0.752347921730879,97.0,49,182.44,0.8694167359758651,100,
Zhengbao Jiang,0.7512554521885109,98.0,21,225.4516129032258,0.9328169654082606,31,
Loïc Barrault,0.7508445975256274,99.0,31,89.35576923076923,0.8908847882760411,104,"Meta AI, The University of Sheffield, Le Mans Université"
Bing Qin,0.7500208143550285,100.0,45,63.00854700854701,0.8442612156477922,234,
Brandon M Stewart,0.7498779275704286,101.0,26,152.77586206896552,0.9626504181195332,58,Princeton University
Shiliang Sun,0.7468189953028351,102.0,49,42.270270270270274,0.9215484602593834,222,
M. Surdeanu,0.7461933448123865,103.0,43,78.71078431372548,0.8628177800186971,204,
Dong Yu,0.7460515841667364,104.0,80,72.67482517482517,0.6564587329792035,572,
R. Gur,0.7459023051324015,105.0,141,75.34928716904277,0.8029930173614724,982,
Roy Schwartz,0.745750944149019,106.0,29,127.64912280701756,0.835175391900889,57,The Hebrew University of Jerusalem
Bill Yuchen Lin,0.7439096163345893,107.0,35,91.609375,0.7720340391334293,64,Allen Institute for AI (AI2)
Leon Weber,0.742477166024756,108.0,13,151.9090909090909,0.951759348388087,22,Humboldt-Universität zu Berlin
Sara Hooker,0.7421850389887229,109.0,22,129.86666666666667,0.7487982938142622,30,
D. Summers-Stay,0.7416867270626918,110.0,10,89.6,0.9815144739625636,40,
Ana Marasović,0.7409831522237068,111.0,16,156.45833333333334,0.8716340444177243,24,Allen Institute for AI
Stella Biderman,0.7385162411639513,112.0,31,263.42,0.7919326274054836,50,Booz Allen Hamilton
Ting Liu,0.7383370037591555,113.0,73,54.328227571115974,0.8105504444886005,457,
Hang Zhang,0.7367444938828177,114.0,21,228.6551724137931,0.8632048282282174,29,
Zaid Alyafeai,0.7346128639376939,115.0,16,136.0,0.8028303381810132,40,King Fahd University of Petroleum & Minerals
Slav Petrov,0.7345185392322585,116.0,43,292.2289156626506,0.8396592613657302,83,Google
Alexis Conneau,0.7334782993074759,117.0,29,367.25,0.9258417488425564,60,
st Dastan,0.7334769429773366,118.0,1,135.0,0.9198682455847804,1,
Adrián Pastor Cimat,0.7334769429773366,118.0,1,158.0,0.9198682455847804,1,
Hussein Sharif,0.7334769429773366,118.0,1,135.0,0.9198682455847804,1,
José Alejandro Ruiz,0.7334769429773366,118.0,1,158.0,0.9198682455847804,1,
John Giorgi,0.7324716929840932,122.0,10,155.57142857142858,0.9265160001059998,21,"University of Toronto, Donnelly Centre for Cellular and Biomolecular Research, Vector Institute for Artificial Intelligence"
Nelson F. Liu,0.7318743123700615,123.0,13,241.95,0.9124568882514588,20,Stanford University
Glen A. Coppersmith,0.7317311173616883,124.0,24,88.10416666666667,0.9751901911178104,48,
Iz Beltagy,0.7313395493551205,125.0,29,303.28,0.8590161208330959,50,Allen Institute for Artificial Intelligence (AI2)
Xiaodong Liu,0.7301678566555997,126.0,26,131.53191489361703,0.8951070448088062,47,
Peter Ondruska,0.7286405807101544,127.0,18,131.41666666666666,0.8988076095240874,24,
B. Pang,0.7275723301784884,128.0,27,533.9574468085107,0.8824854469871325,47,
Ray Oshikawa,0.7260000000000001,129.0,1,147.0,1.0,2,
Angelina McMillan-Major,0.7253475402717745,130.0,11,487.0,0.9549080284177106,15,
G. Clifford,0.7237498382028162,131.0,66,54.324929971988794,0.8151174563202807,357,
John W. Ricketts,0.7226822147101704,132.0,2,156.75,0.9999999999999998,4,
Yacine Jernite,0.7213315077824537,133.0,27,171.6,0.8141423142050895,50,Hugging Face
Ligeng Zhu,0.7204129713599975,134.0,19,140.16216216216216,0.822615636215473,37,
Albert Villanova del Moral,0.7199860892487938,135.0,17,136.55555555555554,0.935944697445866,27,
J. Pustejovsky,0.7195289192019899,136.0,64,47.78989361702128,0.8821485939004671,376,
Wenpeng Yin,0.7187929307033968,137.0,29,76.16176470588235,0.8741687194587366,68,
Hsinchun Chen,0.7187848878242611,138.0,93,48.926829268292686,0.8383680728806798,820,
Yi Zhu,0.7187283622441532,139.0,18,85.1025641025641,0.9304448635617708,39,
Noémie Elhadad,0.7177578964775886,140.0,46,67.25352112676056,0.8154872725637272,142,Columbia University
Gunjan Chhablani,0.7170076073046509,141.0,11,173.60714285714286,0.8686068971282328,28,
Simon Ott,0.7168223848695351,142.0,9,205.0,0.9788379141596312,12,
Jenny Chim,0.7165544407779133,143.0,9,248.15384615384616,0.957742056202218,13,
Tong He,0.7164598484873672,144.0,23,354.25,0.8829451659595586,36,
Théo Gigant,0.716,145.0,2,557.25,1.0,4,
Patrick von Platen,0.7158170234346188,146.0,14,138.14634146341464,0.8081032498902061,41,
Zhongyue Zhang,0.7155923313998126,147.0,11,244.65,0.9747327069425888,20,
Jinlan Fu,0.7150045738064598,148.0,16,169.4516129032258,0.8770681848900138,31,
Shamik Bose,0.7140680439109421,149.0,8,147.72222222222223,0.967132018086354,18,
Brendan T. O'Connor,0.7140610434288795,150.0,18,157.6590909090909,0.8503753954131149,44,University of Massachusetts Amherst
Dan Otter,0.7134545454545456,151.0,3,428.0,1.0,3,
Xuanjing Huang,0.7128215416696707,152.0,64,48.66233766233766,0.7714564197832469,385,Fudan University
Chunting Zhou,0.7123255746703783,153.0,25,116.76923076923076,0.8685403567577346,39,Carnegie Mellon University
Kalina Bontcheva,0.712017134158177,154.0,54,46.36594202898551,0.909714249266144,276,
Mo Yu,0.7118141722786985,155.0,42,106.9578947368421,0.8283694580688196,95,IBM Research
Barbara J. Grosz,0.7115977185236079,156.0,5,524.8,1.0,10,
Tom Young,0.7104374858497803,157.0,10,313.5,0.9487695103589052,14,
Matt Gardner,0.7098296621294763,158.0,47,246.7391304347826,0.7103626950538803,92,Allen Institute for Artificial Intelligence
Sarah Wiegreffe,0.7095957037866937,159.0,12,143.29166666666666,0.8405468787811062,24,
Mariama Drame,0.7092036994589707,160.0,4,106.16666666666669,0.8649735207179272,24,
Aditya Siddhant,0.7091225718990385,161.0,18,158.75,0.895303585454823,36,
Yu Gu,0.7088927092088908,162.0,12,99.8,0.9685921904321414,20,
Everton da S. Maldonado,0.7088075834417338,163.0,4,88.0,1.0,5,
Sam Shleifer,0.7086978913184891,164.0,13,191.02325581395348,0.7806678181414528,43,
Ozan Irsoy,0.7079188181795364,165.0,15,89.55555555555556,0.9119010405095448,36,
Yige Xu,0.706613723677238,166.0,6,300.5,0.9488131148903384,10,Nanyang Technological University
Victor Veitch,0.7063709714621251,167.0,24,83.17777777777778,0.8774214242280157,45,
Tristan Naumann,0.7056315865000846,168.0,25,112.23636363636363,0.8962275772430559,55,Microsoft Research Health Futures
Sukhdev Singh,0.7049736717803483,169.0,4,239.75,0.8112781244591328,4,
A. Abbasi,0.7039604104941433,170.0,40,59.81896551724138,0.9254462412773792,116,
Samuele Garda,0.7037379758127099,171.0,6,146.75,0.9807239409418418,16,
David G. Dobolyi,0.7025325376088521,172.0,14,278.037037037037,0.9714028604103716,27,
Jason Alan Fries,0.7023104557924673,173.0,21,163.0,0.8831317779712174,38,Stanford University
Benjamin Beilharz,0.7011666666666667,174.0,3,751.6666666666666,0.9999999999999998,3,Technical University of Darmstadt
Paul R. Kingsbury,0.7008008583763607,175.0,12,198.7826086956522,0.9641843565827052,23,
Peng Qi,0.7005713141820943,176.0,18,167.9189189189189,0.8745670948570389,37,Orby AI
Bo Wang,0.7001190603125077,177.0,4,578.75,0.946394630357186,4,
Graham Neubig,0.7000851655692181,178.0,84,55.13590604026846,0.7910510799254258,596,
Swabha Swayamdipta,0.6996722369201137,179.0,18,160.775,0.8657652053054127,40,Allen Institute for AI
Aston Zhang,0.6992886395575226,180.0,29,75.33846153846154,0.9102628915089136,65,
Victor Sanh,0.6990016142934076,181.0,12,213.94736842105263,0.9329350879565488,19,
Samuel Cahyawijaya,0.6983730025266724,182.0,22,87.08620689655173,0.8980104740687973,58,
Michael Cullan,0.6980218818494794,183.0,3,319.0,0.946394630357186,7,
David McClosky,0.697089312662723,184.0,19,297.1818181818182,0.926441677957548,33,
K. Kavukcuoglu,0.6970249698367271,185.0,74,1655.575221238938,0.77811759503352,113,
Hua Xu,0.6969996165341615,186.0,55,46.862660944206006,0.8223340332244594,233,
A. Schwaighofer,0.6964316141380685,187.0,21,92.16363636363636,0.939192454264213,55,
Oscar Sainz,0.6964131848386522,188.0,8,88.93333333333334,0.9782223928152854,15,University of the Basque Country
Zhanghao Wu,0.6954135710456778,189.0,10,338.0769230769231,0.9533522741071694,13,
Haibin Lin,0.694549949403874,190.0,12,145.83333333333334,0.8069752676736981,18,
Romain Paulus,0.6940000000000002,191.0,6,377.875,1.0,8,
Hakime Öztürk,0.6935499331738286,192.0,8,151.0909090909091,0.94268071481726,11,
Alisa Liu,0.6926381408614,193.0,9,213.93333333333337,0.8982265179691366,15,University of Washington
Ishaan Gulrajani,0.6925884690024627,194.0,14,716.5217391304348,0.9388906303246312,23,
M. Soltanolkotabi,0.6918626332739071,195.0,39,72.41414141414141,0.8145587267444797,99,
Hiroaki Hayashi,0.6917531939272236,196.0,13,267.25,0.9052563462508008,20,Carnegie Mellon University
Isabelle Augenstein,0.6913340863241331,197.0,40,39.921052631578945,0.8022310302516438,152,University of Copenhagen
Jan A. Botha,0.6913168483337304,198.0,11,116.6875,0.8405940738665996,16,
Khaled Shaalan,0.6906056916282842,199.0,50,35.65051903114187,0.9165308478559104,289,The British University in Dubai
J. King,0.6905520938454199,200.0,34,71.6951219512195,0.8881512456263561,82,
N. Usuyama,0.6902436476177057,201.0,14,136.875,0.8482460985718315,24,
N. Dahlberg,0.6899893380587941,202.0,3,324.42857142857144,0.9609640474436812,7,
Hayley Ross,0.6896666666666668,203.0,1,301.0,1.0,3,
Gabor Angeli,0.6895303938966318,204.0,15,289.17391304347825,0.879561313310002,23,Square Inc
J. Finkel,0.6887416413685926,205.0,14,536.9565217391304,0.8509553984313724,23,
Yunfan Shao,0.6886319293055329,206.0,11,117.33333333333331,0.8668652429095505,24,Fudan University
Bridger Waleed Ammar,0.687534295724296,207.0,24,81.88461538461539,0.884302848971962,52,Holistic Intelligence for Global Good (HIGG)
Michael Schmitz,0.6873373891056898,208.0,4,276.375,1.0,8,Allen Institute for AI
Zhi Zhang,0.6870793436960752,209.0,11,171.07692307692307,0.8165982976888233,13,
Xiangyang Liu,0.6865415442795489,210.0,10,132.33333333333334,0.910971521326466,15,Fudan University
Ryan Leary,0.6860877375762616,211.0,10,127.75,0.9683925140412226,12,
Anna Schmidt,0.6858571428571429,212.0,7,175.125,1.0,8,
Yongfeng Zhang,0.6857168850775698,213.0,29,70.6470588235294,0.854035210059437,51,
José Camacho-Collados,0.6857019097639242,214.0,35,46.01652892561984,0.8598224933524202,121,
S. Ananiadou,0.6856148782930996,215.0,63,33.48775894538606,0.8901596978384269,531,
Dirk Hovy,0.6854951701094918,216.0,43,51.14893617021277,0.8404360476182688,141,Bocconi University
Mario Sanger,0.6853075834417338,217.0,3,744.3333333333334,0.9999999999999998,3,
Ruibo Liu,0.6843832735372807,218.0,21,72.17948717948718,0.8309357722393024,39,Google DeepMind
Diyi Yang,0.6838385885349011,219.0,30,47.70512820512821,0.828454316056961,78,
Emad Shihab,0.6831426225413273,220.0,45,51.07258064516129,0.8743613120699167,124,
Yusheng Su,0.6827903356526028,221.0,15,85.26923076923077,0.8771945057051443,26,Tsinghua University
Dat Quoc Nguyen,0.6823430514678072,222.0,33,62.24,0.945150413891968,75,
Wojciech Kusa,0.6821119833292391,223.0,6,77.86666666666666,0.9793596259794076,30,TU Wien
Simon Brandeis,0.6813333333333335,224.0,2,187.66666666666663,1.0,3,
James H. Martin,0.6807753884893011,225.0,40,69.31288343558282,0.957968231691438,163,
Michael Karlen,0.6804742501084006,226.0,2,3856.0,1.0,2,
Minh Chien Vu,0.6803172035639466,227.0,6,238.45454545454547,0.9629610647945144,11,
A. Wilson,0.679754726201136,228.0,57,67.96984924623115,0.8419688589813652,199,
Alexander M. Rush,0.6795087760732172,229.0,5,228.0,0.8962406251802889,10,
Fangyu Liu,0.6793687347346272,230.0,28,74.24528301886792,0.8585738468404093,53,Google DeepMind
B. Coecke,0.6793529184418462,231.0,46,34.83984375,0.8836079312562617,256,
Hanrui Wang,0.6789493287878388,232.0,6,149.41666666666666,0.9825675930733636,12,
Tony Sun,0.6787588365058981,233.0,6,150.85714285714286,0.9755037590061084,7,
Jonas Golde,0.6786343902923171,234.0,4,249.0,0.8096568334164151,9,
David Barry,0.6780000000000002,235.0,1,312.0,1.0,2,
Jonathan Pelham,0.6780000000000002,235.0,1,312.0,1.0,2,
Eli Lifland,0.6775431982514593,237.0,6,138.71428571428572,1.0,7,Ought
Joe Davison,0.6767059523809524,238.0,7,96.3,0.875,30,
Patrick Haller,0.6757367953256876,239.0,4,283.0,0.8613531161467861,8,
Robert Tinn,0.6756146510030953,240.0,7,130.2,0.9848586617875464,15,
Wanxiang Che,0.6746498751828163,241.0,51,47.48198198198198,0.8163387395242736,222,
M. Worring,0.6745564505825232,242.0,45,33.07734806629834,0.8544394150735874,362,
Alessandro Moschitti,0.6740897285268247,243.0,52,37.32276657060519,0.8490214221105057,347,"Amazon, University of Trento"
Anthony Moi,0.6739857269791742,244.0,3,99.3,0.946394630357186,20,
David Weiss,0.6736169729307413,245.0,12,165.69230769230768,0.9131226292013046,13,
Edward Kim,0.6733532802243073,246.0,7,100.25,0.979569764547061,12,
Suraj Patil,0.6729742501084005,247.0,2,112.4,1.0,5,
Clement Delangue,0.6729631981648674,248.0,6,234.15384615384616,0.9528195311147832,13,
Julian R. Medina,0.6728333333333334,249.0,3,430.3333333333333,0.9999999999999998,3,
James Bradbury,0.6725023104635324,250.0,11,2161.695652173913,0.9407187364499412,23,
Zijie J. Wang,0.6724331432542291,251.0,18,63.02325581395349,0.920711738527726,43,Georgia Tech
Dan Roth,0.6721537372878876,252.0,5,195.55555555555551,1.0000000000000002,9,
Helen Christensen,0.6713333333333334,253.0,2,154.5,1.0,2,
M. Samwald,0.6712811836632805,254.0,32,51.76119402985075,0.9249184340623526,134,
Marc Pàmies,0.6712751379166703,255.0,9,219.5,0.9206198357143052,12,
Y. Aloimonos,0.6709467372054672,256.0,53,27.01526717557252,0.8836241490865602,393,
C. Caucheteux,0.670788544298361,257.0,19,109.525,0.9205706674788952,40,
Yaser Keneshloo,0.6694909356038469,258.0,6,85.22222222222223,0.9755037590061084,9,
Oyvind Tafjord,0.6684729899449464,259.0,32,128.2173913043478,0.7527776831067071,69,
S. D. Pietra,0.6678738533858604,260.0,22,456.0,0.8745847873243199,32,
A. Korhonen,0.666890924183367,261.0,53,46.70634920634921,0.8179973261485973,252,
Tim Rault,0.6667857269791743,262.0,3,116.88235294117646,0.946394630357186,17,
D. Maynard,0.6666105716514918,263.0,37,49.43975903614458,0.9188153087976316,166,
Marco Lippi,0.6656646575415429,264.0,30,77.36458333333333,0.9718733556294984,96,
Haoran Xie,0.6656590354126382,265.0,43,40.94648829431438,0.9402181670507572,299,
Lingfei Wu,0.6642940861134697,266.0,41,37.108108108108105,0.8378597622841686,185,
Natasha Seelam,0.6637123453464957,267.0,6,328.42857142857144,1.0,7,
Martha Palmer,0.6637090465393943,268.0,63,65.38157894736842,0.8801068173848751,380,
Marianna Nezhurina,0.6622751379166701,269.0,6,401.5,0.9206198357143048,6,
Jin Yong Yoo,0.6619744097496706,270.0,5,122.375,0.9697238998682473,8,
Jack Hessel,0.661713226776564,271.0,28,88.43103448275862,0.8317729482609157,58,AI2
Victor Sanh,0.6615827586646509,272.0,13,329.75,0.9080630942453352,36,
Emma Strubell,0.6611695648771704,273.0,21,77.98701298701299,0.7513126974272389,77,
Nizar Habash,0.6607414888635929,274.0,60,39.36825396825397,0.8267661863201355,315,
Lewis Tunstall,0.6603082828934832,275.0,8,120.0,0.881353453268883,10,
Justin Grimmer,0.6601479265500361,276.0,26,63.92307692307692,0.951098017617244,91,
Tianxiang Sun,0.6596392874525481,277.0,20,69.64444444444445,0.8387394659819745,45,
A. Le Glaz,0.6595,278.0,3,88.75,0.9999999999999998,4,
S. Bakken,0.6587188476021806,279.0,56,35.72701949860724,0.7132012519086149,359,
Chenliang Li,0.658384351376425,280.0,41,49.42567567567568,0.908442283299395,148,
Daniel Le'on Perin'an,0.6580000000000001,281.0,2,1114.5,1.0,2,
Shlok S Deshmukh,0.6580000000000001,281.0,2,1114.5,1.0,2,
Elior Sulem,0.6579892387044176,283.0,11,87.61111111111111,0.9483627932161026,18,
Xiang Ren,0.6575200659713449,284.0,38,47.31818181818182,0.7357769247077731,132,
Ruisi Su,0.6570851152862655,285.0,4,338.85714285714283,0.9697238998682473,7,
Emily M. Bender,0.6565407185109835,286.0,28,68.43846153846154,0.909321192470536,130,University of Washington
Michael R. Lucas,0.6557469773811277,287.0,4,409.0,1.0,4,Truveta
Shrimai Prabhumoye,0.6549515694354316,288.0,19,75.73076923076923,0.8394370688167885,52,
C. Bauckhage,0.6546238144095337,289.0,46,27.821727019498606,0.8911223707373537,359,
Xingjian Shi,0.6545625540772881,290.0,15,490.1818181818182,0.9004593109096882,22,
V. D. Pietra,0.6544220684057721,291.0,20,646.5185185185185,0.8307343690684712,27,
Fabio Barth,0.6538253738618586,292.0,4,205.0,0.8322488896002306,11,
Joel Grus,0.6529675451609925,293.0,6,152.72727272727272,0.946394630357186,11,
Anupam Datta,0.6526158396094012,294.0,38,46.29333333333334,0.9054854550624426,150,
Daniel Preotiuc-Pietro,0.6526096419711812,295.0,34,57.53333333333333,0.8767131934551353,75,
Julien Chaumond,0.6517491638592482,296.0,7,292.0882352941176,0.9122066329329884,34,
J. Kalita,0.6516468691984899,297.0,43,30.427244582043343,0.937200580760278,323,
Walter Daelemans,0.6515302410527029,298.0,64,26.91768826619965,0.898633789021455,571,University of Antwerp
Jiaao Chen,0.6504222916945995,299.0,18,73.18181818181819,0.875629146732344,33,Georgia Institute of Technology
Rafael A. Calvo,0.6503333333333333,300.0,2,103.33333333333331,0.9999999999999998,3,
Zhenzhu Yang,0.6501190603125077,301.0,3,155.25,0.946394630357186,4,
Kareem Darwish,0.649443403242894,302.0,41,48.12676056338028,0.9170528440803002,142,
Palash Goyal,0.6477174703892928,303.0,15,56.459016393442624,0.90386296915048,61,Amazon Alexa AI-NU
Trishala Neeraj,0.6477075597344912,304.0,8,370.1333333333333,0.8983289127685204,15,
V. Castro,0.647574489717618,305.0,38,47.46153846153846,0.9101340213184496,117,
Leon Derczynski,0.6469747739746152,306.0,32,40.03448275862069,0.8393662030414725,145,IT University of Copenhagen
Chi-Min Chan,0.646337043152578,307.0,8,87.94117647058823,0.7742367184132575,17,
Yiming Cui,0.6460690346700694,308.0,23,72.23728813559322,0.8431896502789532,59,iFLYTEK Research
Myungsun Kang,0.6459266437542414,309.0,3,449.8,0.946394630357186,5,
R. Aharonov,0.6455911119320046,310.0,32,76.77894736842106,0.8874305721779325,95,
Shijie Geng,0.6454467449057885,311.0,28,65.45762711864407,0.8991853788226549,59,
C. Bearden,0.6448738571481268,312.0,79,44.82003710575139,0.8058456209320177,539,
Y. Wilks,0.6448028980307917,313.0,55,23.043933054393307,0.9142917964604886,478,
Xieling Chen,0.644645031938392,314.0,25,35.35526315789474,0.9600230778475112,76,
Mengzhou Xia,0.6443799784049281,315.0,19,72.46666666666667,0.9219808289805416,30,
Yingqiang Ge,0.6435421251402451,316.0,26,60.76086956521739,0.8757441467086735,46,
John Bauer,0.6434612240349277,317.0,11,625.9333333333333,0.9708357627258162,15,
Morgan Funtowicz,0.6430000000000001,318.0,2,376.8,1.0,5,
Sid Kiblawi,0.6429453226148755,319.0,3,327.14285714285717,0.9165164431996023,7,
Kenneth Heafield,0.6429427119314117,320.0,29,79.70833333333333,0.8593310971700843,96,
D. Litman,0.6427133254652294,321.0,55,37.03164556962025,0.8668415952503883,316,
J. Zucker,0.6425193732204943,322.0,32,42.8581560283688,0.9031149892119652,141,
Yankai Lin,0.6423144296367844,323.0,25,56.38333333333333,0.8605585541859484,60,
M. Costa-jussà,0.6421753766106902,324.0,31,25.10612244897959,0.8620322947194584,245,
T. Laino,0.6408028601800486,325.0,34,58.50413223140496,0.9514881614483792,121,
J. Kors,0.6407013321802836,326.0,59,48.72115384615385,0.9235636772339214,312,
G. Baumer,0.6404742501084005,327.0,2,213.0,1.0,2,
Katharina Kann,0.6398058249106041,328.0,25,37.328947368421055,0.8706563961605142,76,
Mai Elsherief,0.6397766044632844,329.0,13,75.19047619047619,0.957735598419171,21,
Roi Reichart,0.6394599016571207,330.0,41,49.773049645390074,0.7886685280984242,141,
E. Simperl,0.6382425626640569,331.0,39,21.21629213483146,0.931886373005943,356,
He He,0.6380241660190358,332.0,14,83.11764705882354,0.949942013220056,17,
Tatjana Schindler,0.6374769429773366,333.0,1,76.0,0.9198682455847804,1,
Robert Martin,0.6373333333333334,334.0,6,399.6666666666667,1.0,6,
Prithviraj Sen,0.6371084636676928,335.0,26,66.96551724137932,0.6667719544010462,116,
Karthi Sivaraman,0.6369742501084005,336.0,3,773.0,0.9999999999999998,3,
Mario vSavsko,0.6367857269791742,337.0,4,730.5,0.946394630357186,4,
A. Bulling,0.6359875947328965,338.0,59,61.10743801652893,0.8658105359378246,242,
Quan Z. Sheng,0.6354075045334064,339.0,59,30.66791744840525,0.9059792494119728,533,"School of Computing, Macquarie University, North Ryde, NSW, Australia"
Quentin Lhoest,0.6338681869070639,340.0,9,277.72222222222223,0.9122066329329884,18,
Pradeep Dasigi,0.6338294483515624,341.0,21,81.31481481481481,0.8333078596903469,54,Allen Institute for Artificial Intelligence
Stas Bekman,0.6336205053812578,342.0,6,191.3125,0.9211854965885544,16,
Andre F. T. Martin,0.6334769429773366,343.0,1,231.0,0.9198682455847804,1,
Jael Pérez Sánchez,0.6334769429773366,343.0,1,158.0,0.9198682455847804,1,
Hussen Maulud,0.6334769429773366,343.0,1,135.0,0.9198682455847804,1,
†. AlessioFerrari,0.6334769429773366,343.0,1,121.0,0.9198682455847804,1,
th Karzan,0.6334769429773366,343.0,1,135.0,0.9198682455847804,1,
Consiglio,0.6334769429773366,343.0,1,121.0,0.9198682455847804,1,
Gabriel Altay,0.6327906096233515,349.0,3,319.85714285714283,0.8962406251802889,7,
Pierric Cistac,0.6325370327923039,350.0,4,231.36363636363637,0.8649735207179272,11,
F. Silvestri,0.6322662287252546,351.0,44,30.695652173913043,0.9177497592335204,184,
Mark Neumann,0.6321949398788751,352.0,8,902.25,0.94268071481726,16,Allen Institute for AI
N. Broad,0.6321111111111111,353.0,4,448.6,1.0,5,
Julia Hirschberg,0.6318837479713557,354.0,70,60.285714285714285,0.7839005008316661,357,
Zhuosheng Zhang,0.6318032669856184,355.0,30,44.5,0.8004258573868527,104,Shanghai Jiao Tong University
Katikapalli Subramanyam Kalyan,0.6315556866068457,356.0,6,64.375,0.967132018086354,8,NIT Trichy
A. Callahan,0.6314571403333326,357.0,24,54.78082191780822,0.9672204698431712,73,
M. Freidank,0.630189075883266,358.0,3,374.5,1.0000000000000002,6,
Hefu Liu,0.6301829189153461,359.0,41,41.822784810126585,0.8525909181987811,158,
Yuxin Huang,0.6290501121694488,360.0,3,142.25,0.946394630357186,4,
Hao Cheng,0.6280853782818349,361.0,26,79.07142857142857,0.8652546963531336,56,Microsoft Research
Evgeny Burnaev,0.6280098022018553,362.0,33,23.044776119402982,0.8471207113753021,201,Skoltech
Sylvain Gugger,0.6279778930073577,363.0,4,82.19354838709677,0.8649735207179272,31,
Sarah Al-Adely,0.6267857269791742,364.0,3,436.25,0.946394630357186,4,
Walt Detmar Meurers,0.6266117056929732,365.0,39,26.462222222222223,0.912246722129582,225,
J. Posada,0.6261585777874602,366.0,2,279.0,0.9591479170272448,8,
Jing Qian,0.6254446719252754,367.0,8,81.4,0.9172088932791936,10,University of California Santa Barbara
Reid Pryzant,0.6248733870419629,368.0,8,71.7,0.979569764547061,10,
Xiaodong Liu,0.624835643326824,369.0,37,25.734020618556706,0.961075679718219,485,
Thien Huu Nguyen,0.6247990787878435,370.0,38,45.82014388489208,0.8700032237874931,139,University of Oregon
K. Cohen,0.6246325110275427,371.0,37,33.50282485875706,0.9221289471183725,177,
E. Olivetti,0.6246076255970775,372.0,42,41.29113924050633,0.9503333668856772,158,
Jian Guo,0.6237380354288775,373.0,9,78.5,0.8165982976888233,12,
Jason Bolton,0.6237017709595357,374.0,5,278.625,0.9182958340544894,8,
Ge Zhang,0.62350483617485,375.0,24,52.41818181818182,0.7694302326874536,55,01.ai
Daniel Coelho de Castro,0.6231935810316087,376.0,14,72.03448275862068,0.929338152481406,29,Microsoft Research
Nina Arya,0.6230000000000001,377.0,2,154.33333333333334,1.0,3,
Rémi Louf,0.6228744645951203,378.0,12,77.35135135135135,0.9619555747789698,37,
E. Fox,0.6226108357481722,379.0,55,24.180602006688964,0.8233743176156852,598,
Dayiheng Liu,0.6222720006658581,380.0,16,66.19444444444444,0.9261517921065268,36,Alibaba Group
Jessica Pan,0.6219485002168009,381.0,2,112.33333333333331,0.9999999999999998,3,
Junyu Chen,0.6210445507916122,382.0,4,69.71428571428571,0.9755037590061084,7,
W. Zeng,0.6204499857719126,383.0,18,56.26190476190476,0.9377097375926834,42,
Yu Chen,0.6198002454319753,384.0,10,69.5625,0.9902871167541444,16,
Ekaterina Shutova,0.6193360498054918,385.0,35,51.51546391752577,0.8775546312852531,97,
T. Guetterman,0.6191141006224481,386.0,23,26.473333333333333,0.9033134315088444,150,
R. Sipio,0.6189386112135393,387.0,60,62.46551724137931,0.7395336233922555,348,
J. Devylder,0.6183811258290769,388.0,40,24.63679245283019,0.8394824440906818,212,
M. Hunink,0.6175,389.0,4,86.16666666666667,0.9999999999999998,6,
Shay B. Cohen,0.6169604134785002,390.0,34,40.04819277108434,0.7917022421849401,166,
Guoping Hu,0.6165916686571291,391.0,28,54.59770114942529,0.9181820350278675,87,
Sijia Liu,0.6163129091908301,392.0,23,27.524193548387096,0.9169843664464052,124,Mayo Clinic
Vasileios Lampos,0.6152882190001344,393.0,26,56.40277777777778,0.9069790572590468,72,"Department of Computer Science, University College London"
Prithviraj Ammanabrolu,0.614317597722214,394.0,23,60.891891891891895,0.9091253441705156,37,
James Thorne,0.6142203537481995,395.0,14,62.19047619047619,0.9015719980879128,21,
Zuohui Fu,0.6137130954663604,396.0,25,51.08510638297872,0.8891982045311888,47,
Shirlyn Tang,0.6137017709595357,397.0,3,188.66666666666663,0.9182958340544894,3,
Nikolaos Tsantalis,0.6134970329263395,398.0,30,59.5,0.9170505311293043,66,
Luis Espinosa-Anke,0.6131000000000002,399.0,5,81.9,1.0,10,
Jan Hajic,0.6128588012576681,400.0,46,41.71370967741935,0.8691584812426518,248,
Nikolaos Aletras,0.6110517297997206,401.0,28,36.89908256880734,0.8392636838880388,109,University of Sheffield
Arzucan Özgür,0.6104889187269882,402.0,29,36.74803149606299,0.9280009352578836,127,
Nianwen Xue,0.6104086781145239,403.0,37,47.37313432835821,0.8997449671452451,134,
Hongfang Liu,0.6098293112994667,404.0,52,22.8020202020202,0.814891567712878,495,
W. Thompson,0.6093333333333334,405.0,2,84.5,1.0,2,
V. Mittal,0.6088705846961869,406.0,48,24.6950146627566,0.7743133656377906,341,
Alexandru Salcianu,0.6080640781685103,407.0,12,75.0,0.9825675930733636,17,
Zongcheng Ji,0.6071932726062345,408.0,7,73.625,0.9306282244165778,8,
H. A. Schwartz,0.6070397493751649,409.0,41,57.395973154362416,0.9320162167317544,149,
Longxiang Gao,0.6063977283603973,410.0,32,23.651282051282053,0.920197680677354,195,
E. Boyer,0.6062047839157073,411.0,45,37.95652173913044,0.8701741768482892,184,
Subhi R. M. Zeebaree,0.6053976926401754,412.0,34,26.6015625,0.9363936779458968,128,
T. Y. Han,0.6033589804552757,413.0,21,75.73684210526316,0.9668633469624776,38,
Xavier Franch,0.6030012604933546,414.0,44,16.878281622911693,0.8954173378133745,419,
F. Dalpiaz,0.6021684302139276,415.0,34,18.729166666666668,0.8948475141177163,192,
N. Patry,0.6020847828914594,416.0,3,329.22222222222223,0.8112781244591328,9,
P. Kantor,0.6017226273766557,417.0,27,48.54822335025381,0.8830250785709343,197,
F. Matthes,0.6016035285265675,418.0,37,14.54066985645933,0.9227024189292196,418,
Shijin Wang,0.6011463319654872,419.0,21,58.30357142857143,0.8501555724428906,56,
F. Shen,0.6010333251496038,420.0,24,26.605504587155963,0.9043478264366912,109,
Amir Pouran Ben Veyseh,0.6006352456953902,421.0,19,49.48780487804878,0.9396219823746133,41,
G. Savova,0.6005107054976345,422.0,58,52.39908256880734,0.8720075456972941,218,
Daniel King,0.6001751666217755,423.0,9,80.76923076923077,0.9713256910609174,13,Databricks
M. S. Hussain,0.5991342145025151,424.0,5,87.6,0.9999999999999998,5,
Ruochen Xu,0.5989414734011146,425.0,19,68.8529411764706,0.8659277323056428,34,Om AI
Antonios Anastasopoulos,0.5975982388613684,426.0,29,32.549019607843135,0.8764471476586136,102,Carnegie Mellon University
Kanchan M.Tarwani,0.5974769429773366,427.0,1,66.0,0.9198682455847804,1,
Swabha Swayamdipta,0.597154098546092,428.0,14,70.05,0.9023307417467612,20,
P. Wolff,0.5969116479674128,429.0,30,57.77333333333333,0.8361600347642504,75,
Anna Rumshisky,0.5968169018910604,430.0,33,44.744,0.8683939043374399,125,
Wangchunshu Zhou,0.5965738492632771,431.0,22,45.44444444444444,0.8381460021259081,45,AIWaves
Philipp Schmid,0.5948734787371873,432.0,9,74.4,0.9349775297671232,15,
J. Cole,0.5946080933086549,433.0,41,31.753424657534246,0.9092008013165686,219,
M. Yin,0.5937133568774744,434.0,37,28.734375,0.8632710862994699,192,
Francesco Barbieri,0.5933905260927763,435.0,13,67.625,0.952196813909952,24,
Ning Dai,0.5928369558771783,436.0,6,76.77272727272727,0.9780322003526132,22,Oregon State University
Yulia Tsvetkov,0.5928241594432125,437.0,24,58.891304347826086,0.8613733788861407,46,
Clara Ma,0.592787755921692,438.0,4,71.32142857142857,0.9609640474436812,28,
L. Hunter,0.592086830650624,439.0,41,35.15384615384615,0.859568154550718,182,
Serguei V. S. Pakhomov,0.5914319476793306,440.0,34,32.79545454545455,0.8573250738073782,176,
Yanshan Wang,0.5897084589956232,441.0,21,23.97872340425532,0.912592322742916,94,
Leonard Lausen,0.5892405295534762,442.0,7,86.38461538461539,0.8592975083332075,13,
Emily Pitler,0.5860518184552171,443.0,22,70.34615384615384,0.8140632418683257,52,
Gonzalo Medina,0.5860000000000001,444.0,2,69.5,1.0,2,
C. Corcoran,0.5847571733117022,445.0,49,46.23981900452489,0.7942594825439981,221,
A. Nori,0.584662159263523,446.0,9,71.53333333333333,0.9837273962594127,15,
Bo Zhao,0.5844666666666667,447.0,3,74.2,1.0,5,
R. Sifa,0.5840139917056869,448.0,26,13.978142076502731,0.874508685777029,183,
D. Klakow,0.5824488190000102,449.0,33,15.82857142857143,0.8809435350638909,350,
Hamdy Mubarak,0.5823207927509817,450.0,34,44.357894736842105,0.9263924701750048,95,
P. Kummervold,0.5812660699621546,451.0,19,65.25714285714285,0.9451982747224832,35,
T. McCoy,0.5805738557688993,452.0,25,21.08411214953271,0.940061832078685,107,
Canwen Xu,0.5795992199446506,453.0,7,55.24390243902439,0.9690222556651344,41,
Ivan Vulic,0.5791018518456603,454.0,53,44.726141078838175,0.7940355467166227,241,
Ramakanth Kavuluru,0.5790253131748163,455.0,28,25.854545454545455,0.9273081781630704,110,
Aurélie Névéol,0.5790164599005424,456.0,32,29.5625,0.8897469911180769,144,
Yonghui Wu,0.5780671446295801,457.0,34,40.022222222222226,0.856021453803754,90,
R. Batista-Navarro,0.5778682289077005,458.0,22,12.751592356687896,0.92975976688165,157,
G. Cecchi,0.5776271981512888,459.0,39,33.84313725490196,0.9339333927330816,204,
Stephanie L. Hyland,0.5774270873539875,460.0,15,57.69444444444444,0.8528185338052203,36,Microsoft Research Cambridge
A. Kumar,0.576739328241198,461.0,12,54.51851851851852,0.9823368126263246,27,
Samuel Yen-Chi Chen,0.5747703256250908,462.0,17,48.233333333333334,0.8741422204449993,30,
Xiaozhi Wang,0.5740787357940382,463.0,20,54.03921568627451,0.8040504711986572,51,Tsinghua University
Andrew Gaut,0.5740687083026443,464.0,4,75.875,0.9609640474436812,8,
L. Blessing,0.5732726988811022,465.0,33,31.372093023255815,0.9407956758226886,172,
Meng Yang,0.5718042837042513,466.0,13,10.135135135135137,0.9506439883098554,74,
Wiebke Wagner,0.5715,467.0,2,740.25,0.0,4,
W. Zhang,0.571398566657217,468.0,22,18.3953488372093,0.9571484968457916,129,
Peng Li,0.5712332183683598,469.0,32,67.47222222222223,0.8199321163947013,72,"Institute for AI Industry Research (AIR), Tsinghua University, China"
M. Awad,0.5701498427016755,470.0,20,24.15942028985507,0.9515550722708216,138,
Thomas Wolf,0.5696252825577378,471.0,34,16.95562130177515,0.953253226410642,338,
J. Reich,0.5681137802659241,472.0,29,26.231884057971016,0.9000158046313669,138,
Bhavitvya Malik,0.5680000000000001,473.0,3,72.875,1.0,8,
S. Yih,0.5675428977753413,474.0,12,62.48,0.9823368126263248,25,
J. Starren,0.5668431835286094,475.0,42,36.13966480446928,0.8010343090715074,179,
Xiaojie Guo,0.5665201354780169,476.0,17,44.372093023255815,0.9365930846644278,43,
P. Schwaller,0.56611019766564,477.0,22,65.88888888888889,0.9496657320731152,72,
Shangbin Feng,0.5654075978101117,478.0,16,32.8,0.9048597425883936,35,
Yang Xiang,0.5646049136260943,479.0,17,47.8235294117647,0.9002375268453701,34,
Yanjun Qi,0.5645198744232786,480.0,31,32.263888888888886,0.9607743602182413,216,
Jie Zhou,0.5642891654124096,481.0,58,19.709443099273606,0.9606103458964996,826,Tencent Inc.
N. Slonim,0.564268720867913,482.0,36,50.51538461538462,0.8379244871300487,130,
F. Rybicki,0.5638227174469946,483.0,57,32.068557919621746,0.8297297738846547,423,
X. J. Yang,0.5637342145025153,484.0,4,68.0,1.0000000000000002,5,
Vered Shwartz,0.563097318481066,485.0,23,49.10204081632653,0.8898299819182496,49,University of British Columbia
E. Klang,0.5630081187626252,486.0,28,16.1030303030303,0.9180982970717616,165,
Yue Kang,0.5621190603125076,487.0,3,74.0,0.946394630357186,4,
Fu Lee Wang,0.5620204451247811,488.0,33,12.15032679738562,0.9482565018676464,306,The Open University of Hong Kong
Shannon L. Spruit,0.5619170074096116,489.0,12,65.0,0.955276018110066,31,
Alessio Ferrari,0.5618294936559008,490.0,27,20.71929824561403,0.8923924224565625,114,
Amir Feder,0.561545650503421,491.0,18,55.03030303030303,0.9249353961278048,33,Columbia University
Adam L. Berger,0.5615000000000001,492.0,1,3605.0,0.0,1,
Michael Elhadad,0.5615000000000001,492.0,1,1651.0,0.0,1,
Tianrui Peng,0.5615000000000001,492.0,1,146.0,0.0,1,
K. Kumamaru,0.5610025909676503,495.0,30,21.012269938650302,0.9279621230519794,163,
O. Kononova,0.5594596418082263,496.0,11,39.40384615384615,0.9391397758749308,52,
Vijay V. Raghavan,0.5593118706098614,497.0,34,22.846715328467152,0.9325365328455496,274,
Paolo Torroni,0.559129908458742,498.0,33,18.460176991150444,0.9486046361578516,226,
W. El-Hajj,0.5587680258010392,499.0,29,26.866666666666667,0.9685583304609642,105,
M. Saraçlar,0.5581577512049113,500.0,33,23.456043956043956,0.821434895582289,182,
John X. Morris,0.5573829127049308,501.0,27,55.86904761904762,0.927351673033498,84,University of Virginia
Nancy Ide,0.5572146541317368,502.0,35,33.90909090909091,0.7973283886665498,165,
Yujia Qin,0.5571608503247766,503.0,21,53.11864406779661,0.8014366903471947,59,
Michael Wiegand,0.5567033318697805,504.0,21,34.60204081632653,0.9123908581602432,98,Institute for German Language Mannheim/Heidelberg University
Yuqi Si,0.5563663967969794,505.0,13,46.28,0.9338591290316278,25,
Kirk Roberts,0.5551394556550999,506.0,33,29.052287581699343,0.8488591963160583,153,
Kayo Yin,0.5543429149281152,507.0,9,49.36363636363637,0.881353453268883,11,École Polytechnique
Weisi Guo,0.5543298535205746,508.0,6,28.04,0.9875375532993242,25,
E. Ponti,0.5528808453818712,509.0,28,32.47435897435897,0.860679372303507,78,
Mustafa Jarrar,0.552830242144158,510.0,27,24.55140186915888,0.9038038518486314,107,Birzeit University
A. Alhazmi,0.5526413246690033,511.0,5,54.4,0.9575261403463023,15,
Preslav Nakov,0.5518999769609843,512.0,36,20.117073170731707,0.7884170911547284,205,
Mark Johnson,0.5516297407496991,513.0,25,58.067796610169495,0.8585173262429767,59,
Saskia Locke,0.5515000000000001,514.0,1,111.0,0.0,1,
Jacob Russell Neterer,0.5515000000000001,514.0,1,102.0,0.0,1,
Sumaya Alameri,0.5515000000000001,514.0,1,102.0,0.0,1,
André F. T. Martins,0.551342322520763,517.0,18,57.285714285714285,0.7467371230234086,28,
Chenguang Wang,0.5504530851422508,518.0,18,43.774193548387096,0.9212494171043368,31,Washington University
S. Avestimehr,0.5503704671853071,519.0,26,36.072916666666664,0.8030227479947771,96,
Peter Milder,0.5496672523727106,520.0,23,30.843373493975903,0.9496264187672956,83,Stony Brook University
Lei He,0.5495188473732084,521.0,53,15.054824561403509,0.9720595654291964,912,UCLA
M. DeJonckheere,0.5493161191603186,522.0,18,26.28205128205128,0.9707441241395496,78,
V. Osmani,0.5489741768745493,523.0,27,26.12396694214876,0.9381685441710108,121,
M. Sabetzadeh,0.5465389537015026,524.0,34,26.809859154929576,0.9124466916801592,142,
Jianxi Luo,0.5463460770696926,525.0,33,21.488372093023255,0.9230018661479066,129,
Liwei Wang,0.5462534736807164,526.0,24,25.056603773584907,0.8633224969293952,106,
C. Fermüller,0.5457393458155393,527.0,39,24.3125,0.912957416045777,208,
Shaodan Ma,0.54511889826618,528.0,35,14.490131578947368,0.8447804631259384,304,
Helen O'Horan,0.5451151668834676,529.0,2,61.0,0.9999999999999998,3,
T. Poibeau,0.5438857529002172,530.0,20,12.106508875739644,0.9272991042813674,169,
Dima Taji,0.5434059010821571,531.0,12,59.72727272727273,0.9462155386512872,22,
Shankai Yan,0.5426696627350196,532.0,8,49.77272727272727,0.9820064253709696,22,
Diksha Khurana,0.5415000000000001,533.0,2,461.0,0.0,2,
Chee‐Wee Tan,0.5413503261518327,534.0,30,19.92121212121212,0.8135093163154936,165,
H. Dalianis,0.540731687764289,535.0,27,17.82634730538922,0.9397002497519537,167,
Xiaochuang Han,0.5400848599248191,536.0,15,49.38095238095238,0.9294645056928434,21,University of Washington
Min Jiang,0.539910941580563,537.0,25,45.3859649122807,0.8637191173889396,57,
Abdulhadi Shoufan,0.5389431366735722,538.0,23,16.657894736842106,0.9341808327761462,114,
Wai Pan Wong,0.538,539.0,1,72.5,1.0,2,
Muideen A. Ajagbe,0.537040916775067,540.0,4,59.6,0.9999999999999998,5,
R. Hegadi,0.536343613607857,541.0,21,9.234177215189874,0.8426888297629067,158,
Gwendolyn Halford,0.5357105263157895,542.0,3,209.75,0.0,4,
Betty van Aken,0.535612261711586,543.0,9,47.38461538461539,0.9881090915741207,13,Beuth University of Applied Sciences Berlin
A. Price,0.5351294950489436,544.0,9,61.4,0.924324387292664,15,
Chengwei Qin,0.5346271784760723,545.0,13,59.875,0.8312029246251753,24,
Tianyong Hao,0.5342455752240372,546.0,23,12.271739130434783,0.9233649460589324,184,South China Normal University
Ludovic Tanguy,0.5342416523794796,547.0,17,32.633663366336634,0.9150588889268118,101,Université de Toulouse
Hunter Gehlbach,0.5341313324429612,548.0,28,35.134020618556704,0.9404734601739256,97,
D. Q. Nguyen,0.5341027168348753,549.0,20,42.88636363636363,0.9672951169304852,44,
Ute Schmid,0.5339489863891346,550.0,25,9.108225108225108,0.7888576118121564,231,University of Bamberg -- Cognitive System Group
T. Callahan,0.5336580512716177,551.0,20,28.833333333333332,0.9380954694064184,90,
R. Taylor,0.5308682020784279,552.0,13,55.689655172413794,0.9875375532993242,29,
E. Pons,0.529713157826069,553.0,8,53.333333333333336,0.9755037590061084,12,
Taxiarchis Botsis,0.52899565729339,554.0,21,33.61333333333334,0.9345170009979752,75,
Quan.Z Sheng,0.5287832476952855,555.0,16,25.285714285714285,0.9498215353965308,56,
Bonan Min,0.5273710163556274,556.0,16,48.25,0.8756740242914498,44,
A. Thakur,0.5250868838941857,557.0,11,45.38461538461539,0.9710459299447972,26,
Chenghua Lin,0.5246174482302879,558.0,21,18.867924528301888,0.8905604580380277,106,
Alex B. Fine,0.5238817114465625,559.0,13,53.72,0.9052056914117322,25,
Shuchang Liu,0.5237484209132764,560.0,19,48.65384615384615,0.8949256589621735,26,
Mariya Toneva,0.5233068019348501,561.0,13,42.7027027027027,0.9189661496335966,37,Carnegie Mellon University
Harold Soh,0.5232601429037499,562.0,25,26.463414634146343,0.9256086997953415,82,National University of Singapore
Jie Ma,0.5227913505275187,563.0,8,56.916666666666664,0.9111886696810592,12,Amazon
Leonardo Neves,0.5226975328419894,564.0,27,32.27450980392157,0.9567356732449204,102,
Su Lin Blodgett,0.522029242525915,565.0,15,49.92,0.7619956715766569,50,Microsoft Research
Claire Grover,0.5211900822039964,566.0,34,27.964788732394368,0.9462197204699904,142,
Qian Huang,0.5208875629880632,567.0,25,40.29113924050633,0.8534455435240038,79,
Rotem Dror,0.5208351033943851,568.0,13,50.3,0.9500489817691006,20,
E. Artemova,0.5196683957446054,569.0,12,12.423076923076923,0.9160655097574538,52,
W. Harris,0.5194910493458,570.0,29,58.083333333333336,0.8529475664032847,96,
Niranjan Balasubramanian,0.5191989505405493,571.0,25,33.36893203883495,0.8749730617244635,103,
Jannik Strotgen,0.5191873514651348,572.0,22,28.894736842105264,0.9065038506462484,95,
M. Rastegar-Mojarad,0.5191304742790885,573.0,21,31.352941176470587,0.9048123235835168,68,
F. Aiolli,0.5182915577759861,574.0,21,15.794871794871796,0.8712727956679526,117,
P. Crutchley,0.5177130990660699,575.0,13,71.9047619047619,0.969207387579044,21,
Martin Müller,0.5176261254654518,576.0,11,56.214285714285715,0.9750064312311532,14,
M. Sadrzadeh,0.5175893773494354,577.0,26,20.972972972972972,0.9400029040098568,148,
Zhiyuan Liu,0.5155086459823521,578.0,36,47.54615384615385,0.7401609633740309,130,
Jingcheng Du,0.5152710968832078,579.0,19,24.513513513513512,0.9048559019129052,74,The University of Texas Health Science Center at Houston
Karan Jain,0.5141666666666668,580.0,4,80.66666666666667,0.0,6,
Pedro Henrique Martins,0.513788653248319,581.0,9,42.733333333333334,0.97411089529882,15,
Han Cai,0.5129505056825957,582.0,15,50.73076923076923,0.8130295772129486,26,
Surabhi Datta,0.5120922255863197,583.0,8,33.0,0.9619555747789696,16,
D. Katz,0.5117194841374949,584.0,19,35.87931034482759,0.9441579653361984,58,
T. Buhrmann,0.5110077572019474,585.0,5,55.666666666666664,1.0,12,
S. Oepen,0.508024465023266,586.0,41,31.631944444444443,0.906080201634034,144,
François Lagunas,0.5075000000000001,587.0,2,192.5,0.0,4,
Raymond S. T. Lee,0.506976607331326,588.0,18,11.759615384615383,0.9404865216656656,104,
Yuki Sawa,0.5068333333333334,589.0,2,88.0,0.0,2,
Muhammed Yavuz Nuzumlali,0.5068075834417338,590.0,3,61.0,0.9999999999999998,3,
Yves Scherrer,0.5065273096379378,591.0,23,19.791208791208792,0.8796627231923454,91,
Sarvesh Soni,0.5060005971758719,592.0,7,39.75,0.960955793385934,12,"National Library of Medicine, National Institutes of Health"
Dotan Emanuel,0.5059586861732439,593.0,5,61.7,0.967132018086354,10,
Kiran Khatter,0.5057417727102943,594.0,12,32.67567567567568,0.9565953024727962,37,
E. Konen,0.5054211863629059,595.0,31,35.86065573770492,0.9122454155945486,122,
Eugenio Martínez-Cámara,0.5045451292671466,596.0,28,29.285714285714285,0.9086963417366676,84,University of Jaén
Zhile Yang,0.5041758951557397,597.0,11,10.594594594594597,0.9759012921624014,37,
D. Mitsouras,0.503898578421718,598.0,23,32.54347826086956,0.943064340463648,92,
Beth Ripley,0.5038294720930158,599.0,16,41.44444444444444,0.9623059780976562,27,
Bo Long,0.5022757771494046,600.0,12,23.275862068965516,0.9159601058783716,29,
Kemal Oflazer,0.5018855671248401,601.0,34,27.90625,0.907981961888507,160,
Tongyao Zhu,0.5013333333333333,602.0,2,67.5,1.0,2,
Heike Adel,0.5008019036967702,603.0,21,30.491525423728813,0.9196145149508018,59,
D. Tsarapatsanis,0.5004976719929295,604.0,4,37.31578947368421,0.9866599586738648,19,
M. Dras,0.5000812170288528,605.0,34,18.597633136094675,0.8725829149580427,169,
T. Chang,0.49980322286210244,606.0,24,15.801652892561984,0.9252366289722936,121,
D. Wolter,0.49946943461540466,607.0,20,13.516129032258064,0.9410526382654156,93,
Khanh Nguyen,0.49894616304540995,608.0,8,43.733333333333334,0.9257875983547232,15,"University of California, Berkeley"
Malihe Alikhani,0.49868977357599004,609.0,14,10.746835443037977,0.893596794857727,79,Rutgers University
A. Manini,0.49864994395123213,610.0,27,17.32330827067669,0.8233526937814512,133,
Siddhartha R. Jonnalagadda,0.4981820306181133,611.0,26,26.25,0.8634335113531819,80,
Yuanjun Guo,0.49794597436694954,612.0,23,19.20731707317073,0.95902037269034,82,
Segev Shlomov,0.4979169851385287,613.0,6,41.666666666666664,0.8946338423002606,24,
Daniel Loureiro,0.49669200370610067,614.0,11,42.76,0.9665385514523048,25,Cardiff University
A. Torfi,0.4966497779987242,615.0,10,26.84,0.8054653980879477,25,
Katarzyna Biesialska,0.49664867824622716,616.0,5,42.857142857142854,1.0,7,
Yutai Hou,0.49621562829420407,617.0,13,37.86206896551724,0.946953624239234,29,
Mu Li,0.4961168564445309,618.0,30,47.53086419753087,0.8001515796050446,81,
Diba Mirza,0.49464561067842383,619.0,14,41.1764705882353,0.951959620009652,34,
Yuexiong Ding,0.49411565213712627,620.0,11,39.041666666666664,0.9383479441849394,24,
M. Bommarito,0.4925391586699406,621.0,19,40.166666666666664,0.923973262182358,48,
Thanh Vu,0.4921633271376278,622.0,24,23.50925925925926,0.9711062153988276,108,
I. Harris,0.4914980213146819,623.0,20,13.232323232323232,0.9734561352363784,99,
J. Plu,0.49040232510236614,624.0,11,39.901408450704224,0.9503843756940992,71,
Tianxing He,0.49040040884989045,625.0,16,37.03125,0.9147339441021828,32,
Fangjing Wu,0.4898095238095238,626.0,3,60.5,1.0,6,
P. Lenca,0.48947542873000677,627.0,19,14.647058823529411,0.9749440932827608,119,
V.G.Vinod Vydiswaran,0.48943842492795064,628.0,22,22.93243243243243,0.9561660573703936,74,University of Michigan
Fabio Rinaldi,0.48934958524437244,629.0,30,18.69856459330143,0.9418147355031564,209,"Institute of Computational Linguistics, University of Zurich, Zurich, Switzerland"
Andrea Galassi,0.48921630054421267,630.0,14,23.97560975609756,0.97220777188702,41,"University of Bologna p=8,33,6,5,17,18,34,30,10"
A. Lavelli,0.48850215464448826,631.0,29,21.28476821192053,0.939273517738682,151,
Magdalena Biesialska,0.487312289151883,632.0,5,48.06666666666667,0.9107196304548568,15,
Yuan Luo,0.4872984391797334,633.0,17,20.5531914893617,0.9666028346412252,47,
Qiang Wei,0.48616923099869436,634.0,12,38.74193548387097,0.905709998173872,31,
Go Inoue,0.48442091650647634,635.0,7,52.77777777777778,0.9283832117695864,9,MBZUAI
Qi Liu,0.48396369485449914,636.0,6,37.333333333333336,0.886682880001534,9,
Edwin Simpson,0.4838797929384961,637.0,18,25.755555555555556,0.949415461703703,45,University of Bristol
Marina Danilevsky,0.48375185597672743,638.0,19,32.827586206896555,0.950190904904448,58,IBM Research
Yijun Xiao,0.4831084832062582,639.0,9,47.30769230769231,0.8085947862963576,13,
S. El-Beltagy,0.48304260987477116,640.0,22,24.306122448979593,0.8982520815614686,98,
Hang Li,0.4829830261816177,641.0,4,37.75,0.8962406251802889,12,
Sangchul Hahn,0.4828353749693109,642.0,3,24.666666666666668,0.9609640474436812,6,
Pierre Zweigenbaum,0.4825561048269474,643.0,39,17.875370919881306,0.8643019264265694,337,
Thibault Goehringer,0.48150000000000004,644.0,1,279.5,0.0,2,
Th'eo Matussiere,0.48150000000000004,644.0,1,279.5,0.0,2,
Jie Fu,0.48126910125822725,646.0,20,19.923076923076923,0.9175204038587216,91,Quebec AI Institute (Mila)
Heeyoul Choi,0.48105667414365116,647.0,16,17.507246376811594,0.9236964783190892,69,
Shijie Chen,0.4808451135230315,648.0,6,45.81818181818182,0.9848586617875464,11,The Ohio State University
Sandra F. Jones,0.47872327382118296,649.0,6,63.888888888888886,0.9409583900892996,9,
A. Sharma,0.4784742501084004,650.0,1,37.0,1.0,2,
Yaqi Xie,0.478435098929353,651.0,5,34.8,0.9848586617875464,10,
Liping Zhao,0.47818332095836413,652.0,17,9.389312977099236,0.9774239211968976,131,
Stephen T Wu,0.4778226082559358,653.0,16,28.09433962264151,0.9145955420025808,53,UTHealth
Minh Nguyen,0.47750000000000004,654.0,6,35.875,1.0,8,
Neha Verma,0.4762151504594586,655.0,6,44.0,0.9766146686727132,12,
Amit Moryossef,0.47522614625968523,656.0,12,23.517241379310345,0.8854358801504648,29,
M. Foster,0.4748980520325626,657.0,5,58.77777777777778,0.9409583900892994,9,
Dipanjan Sarkar,0.47482765610324884,658.0,6,13.84,0.914100892018565,25,
T. Arnold,0.47472603537929126,659.0,11,17.45762711864407,0.86266178689028,59,
Dimitri Kartsaklis,0.4746329664859371,660.0,19,29.615384615384617,0.8849368768492762,39,
Tianlin Zhang,0.47414809604667263,661.0,18,28.069767441860463,0.9598522129220032,43,The University of Manchester
Xiuying Chen,0.47314331753353794,662.0,16,24.342105263157897,0.901659146968609,38,
Piotr (Peter) Mardziel,0.4729614633412565,663.0,14,46.925,0.924862681874641,40,independent
Alexander Erdmann,0.472877825665461,664.0,10,39.9375,0.9417346261113356,16,
S. Sangeetha,0.4726226673162214,665.0,12,19.94871794871795,0.9906378812158404,39,"National Institute of Technology, Tiruchirappalli"
Irene Li,0.47176461466027003,666.0,12,41.411764705882355,0.9238769464131082,34,
Marije C Michel,0.4713863297623846,667.0,18,23.09375,0.9464933129279124,64,
Mikhail Galkin,0.4702522285067304,668.0,21,33.29090909090909,0.8640156460550815,55,Google Research
M. Wetscherek,0.46975124022742776,669.0,9,35.42857142857143,0.9311066102039656,14,
Marcos Vinícius Treviso,0.46943456365657277,670.0,13,32.370370370370374,0.9623059780976562,27,
Waad Alhoshan,0.46919631079301605,671.0,8,30.153846153846153,0.9848586617875464,13,
T. Cai,0.4689564245219639,672.0,20,28.919354838709676,0.955304023944219,62,
Leila Wehbe,0.4680515282056319,673.0,17,24.629032258064516,0.8704898280228248,62,Carnegie Mellon University
Jonathan J. Marsh,0.46797619047619055,674.0,5,50.142857142857146,1.0,7,
Vera Sorin,0.46773385675106716,675.0,12,27.321428571428573,0.9466424467407918,28,
B. White,0.46580285998524873,676.0,12,25.402985074626866,0.9038852433663154,67,
Benedikt Boecking,0.4647458608173485,677.0,11,34.10526315789474,0.9611009333744398,19,
Chetan Arora,0.4646933326135578,678.0,21,24.177777777777777,0.9370718613282536,45,
S. Berrouiguet,0.4636878571773903,679.0,20,23.557377049180328,0.9306862281736612,61,
Jingqi Wang,0.4623927054183242,680.0,21,31.964912280701753,0.8201279752713782,57,
I. Guellil,0.4623363798529019,681.0,10,18.52173913043478,0.9820064253709696,23,
Irfan Ahmad,0.4621264648867444,682.0,17,21.79069767441861,0.9653682484982417,43,"King Fahd University of Petroleum and Minerals, Dhahran, Saudi Arabia"
Bashar Alhafni,0.4619141043034278,683.0,8,37.13333333333333,0.9642388260732416,15,
Houda Bouamor,0.4616435271487524,684.0,21,25.19736842105263,0.8965888500266471,76,
Victor Mustar,0.4615,685.0,2,290.5,0.0,2,
Junli Su,0.46111516688346765,686.0,2,31.666666666666668,0.9999999999999998,3,
Zhisong Zhang,0.46110626202642674,687.0,15,43.291666666666664,0.8445866352562393,24,
Lei Hou,0.4610057846196792,688.0,25,25.69736842105263,0.8922490227011339,76,Tsinghua University
Seyedmostafa Sheikhalishahi,0.4600950967785986,689.0,8,39.6875,0.9911230603728026,16,
Kaiji Lu,0.45988588982450784,690.0,5,41.888888888888886,0.9101415926479806,9,
Ariel Goldstein,0.45941534851503857,691.0,12,35.59375,0.8107858684460952,32,
Yacine Jernite,0.45899416599195947,692.0,7,48.48979591836735,0.8746845143040606,49,
Jackie Ayoub,0.4588919638115522,693.0,10,29.3125,0.9606293157795304,16,
Daniel J. Feller,0.4583403977188208,694.0,11,34.69565217391305,0.9488292407433712,23,
Zheng Shi,0.4582272514016551,695.0,17,11.444444444444445,0.8960658154726922,81,
A. Abid,0.45815993432436836,696.0,22,21.8019801980198,0.8642482763347801,101,
Huadong Wang,0.45750785990367143,697.0,10,38.666666666666664,0.9088884511502312,21,
Ms. Aswathy,0.45747694297733654,698.0,1,31.0,0.9198682455847804,1,
Mrs . Indu,0.45747694297733654,698.0,1,31.0,0.9198682455847804,1,
Thomas Wolf,0.4569590958899251,700.0,7,41.92592592592592,0.9211854965885544,54,
Akira Murakami,0.45638410521244577,701.0,13,32.27272727272727,1.0,22,
Viet Dac Lai,0.4562558153083185,702.0,15,28.45945945945946,0.85162053192055,37,University of Oregon
Dhanya Sridhar,0.45552585984210703,703.0,10,37.642857142857146,0.9578791966200296,14,
Orin Hargraves,0.45516189750226504,704.0,8,27.653846153846153,0.9533522741071694,26,
Mai Oudah,0.4547680079047788,705.0,10,29.88888888888889,0.9918373461380352,18,
Kexin Yang,0.4545882949706235,706.0,12,28.304347826086957,0.9675526393990102,23,Sichuan University
Cyril Grouin,0.4542133526579978,707.0,23,16.816326530612244,0.8928451814792725,98,
Deven Santosh Shah,0.4540563951208363,708.0,3,37.0,0.8962406251802889,7,Stony Brook University
Chengke Wu,0.4527710272880848,709.0,17,30.59375,0.9365487273604848,32,
Ivano Lauriola,0.4527499316189795,710.0,9,17.11111111111111,0.918687584460464,36,
Abhishek Pandey,0.4519881871144368,711.0,5,54.7,0.9409583900892994,10,
Juanzi Li,0.4516251956573096,712.0,21,26.884615384615383,0.7391837741231266,104,
Nader Tavvaf,0.4515,713.0,1,195.0,0.0,1,
Daniel Duma,0.4515,713.0,1,129.0,0.0,1,
Meng Wang,0.4515,713.0,1,114.0,0.0,1,
Preetam Amancharla,0.4515,713.0,1,334.0,0.0,1,
Qiong Wang,0.4515,713.0,1,341.0,0.0,1,
Matthew Zhang,0.4515,713.0,1,144.0,0.0,1,
Ilana Heinz,0.4515,713.0,1,902.0,0.0,1,
Michael Tin Chung Poon,0.4515,713.0,1,129.0,0.0,1,
Aditya Koli,0.4515,713.0,1,917.0,0.0,1,
Hang Dong,0.45148941699186806,722.0,6,27.6,1.0,10,
Katherine A. Keith,0.4500065701020206,723.0,8,30.058823529411764,0.9366347672506408,17,Williams College
Yi-Ting Guo,0.4494162951956525,724.0,12,8.508771929824562,0.73734594379462,57,
Naveed Afzal,0.44886874354060463,725.0,19,34.507936507936506,0.9373446722940022,63,
A. Savic,0.44762796787042314,726.0,21,20.133333333333333,0.9089814784005504,135,
Y. Haralambous,0.4463223223390962,727.0,10,6.75,0.9806111814666556,92,
Shucheng Li,0.4463121379696422,728.0,5,32.166666666666664,0.9484503122074792,12,Nanjing University
T. Alexopoulou,0.4462099896070255,729.0,17,23.897959183673468,0.9839668887747172,49,
Sumit Pandey,0.445775983564635,730.0,9,15.355555555555556,0.9894998600775208,45,
Mark O Walderhaug,0.44547710276055497,731.0,13,47.0,0.951297730060314,20,
Mohammed A. M.Sadeeq,0.4451017709595356,732.0,4,41.6,0.9182958340544894,5,
Karwan Jacksi,0.44507173128120736,733.0,20,19.46153846153846,0.9498119282662368,52,
Heng Wang,0.44491222807473196,734.0,6,37.375,0.9690222556651344,8,Xi'an Jiaotong University
Zengle Ren,0.4449000000000001,735.0,4,35.6,1.0000000000000002,5,
B. Kawas,0.4446473862548289,736.0,10,28.90909090909091,0.9712720079261152,22,
Theresa A. Koleck,0.4445838750434868,737.0,16,16.875,0.9461848325399262,56,
Md Saroar Jahan,0.4424376425113454,738.0,6,18.11764705882353,0.9606293157795304,17,
Annika Marie Schoene,0.4421236720357732,739.0,8,17.772727272727273,0.9929910186265144,22,University of Hull
Qingqing Zhu,0.441669981302088,740.0,5,23.25,0.9533522741071694,12,
Shuai Zheng,0.44111649336260345,741.0,9,28.77777777777778,0.9101663100395064,18,
Jingjing Li,0.4409267455004987,742.0,9,23.0,0.9611009333744402,24,
Hanning Gao,0.4403683491436099,743.0,2,33.5,0.9697238998682473,8,
Víctor Suárez-Paniagua,0.4401263826466613,744.0,8,18.3,0.9712720079261152,20,
David Chang,0.4400719686320085,745.0,5,28.5,1.0,8,
Richard F. Rashid,0.4395000000000001,746.0,2,92.0,0.0,2,
Michael A. Hedderich,0.439354464211403,747.0,14,18.43243243243243,0.8864303093704666,37,
Shubhanshu Mishra,0.43747165007113864,748.0,5,8.235294117647058,0.9549080284177108,17,
Elizabeth Scruggs,0.43699999999999994,749.0,2,41.5,1.0,4,
Guanghua Yang,0.43684089405063137,750.0,21,13.116279069767442,0.8912059712759447,86,
S. Kwan,0.43682443632004153,751.0,21,29.322580645161292,0.8557145065467959,62,
A. Hiszpanski,0.436668388548927,752.0,18,26.541666666666668,0.9290574583748205,48,
周春婷,0.4364769429773365,753.0,2,29.5,0.9198682455847804,2,
Wen-wai Yim,0.4361265159042309,754.0,15,19.26315789473684,0.9441476378381252,38,
Huseein T. Al-Natsheh,0.4355,755.0,1,96.0,0.0,1,
Marzieh Saeidi,0.43545149674198524,756.0,9,34.94444444444444,0.9081700776153788,18,
M. Fedorov,0.4354025269083672,757.0,9,30.8,0.9902871167541444,15,
H. Saadane,0.43538483311653237,758.0,6,23.0,0.9999999999999998,12,
R. Forshee,0.4343975830379065,759.0,11,44.333333333333336,0.93015916395092,21,
M. Berendsen,0.43439052011362145,760.0,15,36.9,0.9818072571726912,40,
A. Bakalov,0.43413674519015055,761.0,6,27.714285714285715,0.9727652780181634,14,
Michael Yeomans,0.43318254942984996,762.0,13,26.73684210526316,0.9712720079261152,38,
Jingbo Xia,0.43301057994225295,763.0,11,14.018181818181818,0.97007808153114,55,Huazhong Agricultural Univ
Zach Wood-Doughty,0.4325071958614116,764.0,11,22.678571428571427,0.9188277172280908,28,
Chaoyang He,0.4322661936397651,765.0,14,33.82142857142857,0.9747327069425888,28,
Zainab F. Khan,0.432,766.0,4,40.25,1.0,4,
Loes M. M. Braun,0.43196752585938053,767.0,7,26.61904761904762,0.9488131148903384,21,
J. V. Gysel,0.4315,768.0,4,24.0,0.9999999999999998,4,
C. Lemey,0.43111684321725163,769.0,9,29.666666666666668,0.9206676755271522,24,
Jianping Li,0.43097784495690383,770.0,19,24.666666666666668,0.8706842982355565,84,
J. Markoff,0.4309484436991682,771.0,21,16.96638655462185,0.9246495240654288,119,
Kaiyue Wen,0.4308418218362256,772.0,5,24.5,0.935944697445866,10,
Majid Yazdani,0.43072370366211604,773.0,13,31.65625,0.9451988530909377,32,"Facebook AI, EPFL, Linkedin, Idiap research institute"
A. A. Monem,0.42905549067343085,774.0,13,33.44444444444444,0.9830345099398436,27,
Tim Schopf,0.4290494388919094,775.0,6,11.875,0.9631396508109106,16,Technical University of Munich
Ying Xie,0.42786006254843467,776.0,6,12.08,0.993462557268048,25,
M. Alkhatib,0.42764917398278424,777.0,8,9.088235294117649,0.9778249618218756,34,
Tanmay Basu,0.42760180120707836,778.0,9,14.96551724137931,0.9625351031582904,29,
Benjamin Rosand,0.4275020416359776,779.0,4,48.333333333333336,0.9609640474436812,6,
Nasser Zalmout,0.42732385329220385,780.0,16,26.71875,0.8974801730690048,32,
Dongyang Wang,0.4270190603125076,781.0,3,43.6,0.946394630357186,5,
L. Tilton,0.4264290277065427,782.0,7,11.941176470588236,0.7669936117587334,34,
V. Salari,0.426114225806812,783.0,16,13.632352941176473,0.9329216264590938,68,
Kun Qian,0.4257728088198429,784.0,12,14.358490566037736,0.963431936722812,53,
Timothy J. O'Gorman,0.42569026356880113,785.0,17,24.0,0.9423207121547056,35,Thorn
Yufen Huang,0.42556433030655616,786.0,12,28.625,0.9460818874660354,16,
Zita Marinho,0.4242116779242437,787.0,12,30.347826086956523,0.9693498878507172,23,
Sheng Zha,0.42401303231610604,788.0,13,35.48,0.8605285271744351,25,
Michael Hassid,0.4238015604423596,789.0,7,31.22222222222222,0.9708357627258162,9,
Jia-Hong Huang,0.42323359658853876,790.0,12,21.055555555555557,0.9017430009140988,18,
Lucia Specia,0.42314768538323916,791.0,10,12.193548387096774,0.9447585413704288,31,
Stefano Mangini,0.4222801160173684,792.0,9,25.666666666666668,0.9766146686727132,12,
Fadhl Eryani,0.42125942292982343,793.0,6,47.333333333333336,0.7627069065377661,12,
Kai Shen,0.420717082130044,794.0,5,37.888888888888886,0.930628224416578,9,
Talayeh Riahi,0.42066666666666674,795.0,2,39.333333333333336,1.0,3,
D. Milne,0.420480906316175,796.0,13,39.142857142857146,0.9804820237218406,21,
Javier Alvarez-Valle,0.4189047236245409,797.0,10,23.36,0.8199455629493742,25,
Qingqing Cao,0.41879505713876425,798.0,9,24.125,0.9366347672506408,16,University of Washington
Wenhu Chen,0.41853221488326675,799.0,12,33.27272727272727,0.9047994130524945,22,
Lukas Lange,0.41812086109914026,800.0,10,17.870967741935484,0.9324776292198692,31,
Jayeol Chun,0.41805442258835857,801.0,3,37.4,0.9609640474436812,5,
M. Walter,0.4175445486111393,802.0,16,19.197183098591548,0.9198682455847804,71,
Keletso J. Letsholo,0.41674504023847436,803.0,10,22.68421052631579,0.9549655329584326,19,
Ergin Soysal,0.4163394661444444,804.0,11,26.275862068965516,0.9132784583047114,29,
Jinbin Bai,0.4160014886710415,805.0,6,24.11111111111111,0.9165164431996023,9,
F. Goss,0.41569891894521294,806.0,20,21.57627118644068,0.8952584442018313,59,
Shruthi Bannur,0.41520638627546336,807.0,8,32.1764705882353,0.8054653980879477,17,
Salam Khalifa,0.4151491378455802,808.0,16,25.18421052631579,0.8505281222633799,38,Stony Brook University
Ziqing Liu,0.41496870142402387,809.0,6,32.42857142857143,0.9755037590061084,7,
Ming Liu,0.4147395413972313,810.0,12,20.39130434782609,0.9471887284983757,23,
Dimosthenis Antypas,0.4142184020137156,811.0,7,12.36842105263158,0.915315964602672,19,
Karim Bouzoubaa,0.41390488313405494,812.0,15,15.482758620689657,0.9583579104444012,58,
Carly D. Robinson,0.41354567867982905,813.0,12,11.875,1.0,48,
Zhaoxuan Tan,0.41317061812600553,814.0,11,21.814814814814813,0.8653058461316658,27,University of Notre Dame
Emaad A. Manzoor,0.41310652099594247,815.0,3,33.57142857142857,0.8649735207179272,7,
A. Urieli,0.41288888888888897,816.0,4,22.0,1.0,9,
Phillip Schneider,0.41275990924784534,817.0,4,5.647058823529412,0.9668633469624776,17,
Jiarui Yao,0.4117857142857143,818.0,3,14.571428571428571,1.0,7,
Feng Zhou,0.4113302650773266,819.0,3,31.571428571428573,0.9755037590061084,7,
Elif Ozkirimli,0.41119268474613796,820.0,14,20.428571428571427,0.9653298305829896,42,
A. Giannopoulos,0.411139989171003,821.0,23,16.68421052631579,0.9188550687194376,171,
Eliav Buchnik,0.4103794358986649,822.0,8,23.42105263157895,0.9763003097789544,19,
Deok-Hee Kim-Dufor,0.41018713551547603,823.0,4,30.09090909090909,1.0,11,
Erol-Valeriu Chioasca,0.40973263915852864,824.0,8,27.555555555555557,1.0,9,
C. Dreisbach,0.4096970890916526,825.0,13,22.022222222222226,0.9661511666915292,45,
P. Szolovits,0.4093509799853029,826.0,13,40.7037037037037,0.983034509939844,27,
V. Cavalli-Sforza,0.40848483924358386,827.0,12,11.25925925925926,0.984849619289878,54,
Asahi Ushio,0.4080401042644598,828.0,12,19.333333333333332,0.8923270567035713,27,
Rajkumar Ramamurthy,0.40767765034650133,829.0,10,29.36111111111111,0.8789870386279057,36,
Faical Azouaou,0.4071207184353104,830.0,13,14.8,0.9958245842456076,40,"ESI Ecole nationale superieure d'informatique, Algiers, Algeria"
Taylor C. Ryan,0.4069156825969832,831.0,7,37.0,0.9788379141596312,12,
Frank Zimmer,0.40690400630239293,832.0,13,20.333333333333332,0.9679615214804396,33,
Billel Gueni,0.40621428571428575,833.0,6,39.42857142857143,1.0,7,
Meliha Yetisgen,0.40562264452549646,834.0,11,14.068181818181818,0.9481464815875084,44,
Heng Zhang,0.4056010331590293,835.0,7,23.666666666666668,0.9533522741071694,12,
Yuan Jin,0.4052647389301957,836.0,8,29.916666666666668,0.8982444017039272,12,
C. Raynal,0.4043809523809524,837.0,3,41.0,1.0,5,
Y. Barash,0.4042723337833629,838.0,21,19.877777777777776,0.966603768185933,90,
Honghan Wu,0.40418660056892,839.0,4,7.76,0.910067242585072,25,
Xiaoyu Li,0.40391961272182575,840.0,9,19.26315789473684,0.9225481629217116,19,
Tatiana Kelil,0.4038057613084567,841.0,13,20.2,0.9501627918924794,40,
Bukuroshe Elira Epoka,0.4035000000000001,842.0,1,63.0,0.0,1,
G. Kitchen,0.40334765702610775,843.0,9,18.958333333333332,0.9602550098461564,24,
Chu-Ren Huang,0.402296328287452,844.0,8,4.603448275862069,0.842693136210731,58,
Liping Zhao,0.40095137429140704,845.0,5,20.77777777777778,1.0,9,
Kory Kreimeyer,0.39783961242651433,846.0,10,25.48148148148148,0.9394813534225488,27,
Yevgeni Berzak,0.3970247061054408,847.0,15,18.06451612903226,0.904747849566567,31,
W. Whiteley,0.39658368070789074,848.0,15,19.942857142857143,0.9029577032771848,35,
A. Rajasekharan,0.3953295918103512,849.0,6,41.75,0.970835762725816,12,
Sheng Yu,0.39521428571428574,850.0,1,89.5,0.0,2,
Juan Xu,0.39500248042836994,851.0,2,17.285714285714285,1.0,7,
Chenyao Yu,0.39480477459822183,852.0,2,27.6,0.946394630357186,5,
Adil E. Rajput,0.3944739219580883,853.0,6,10.88888888888889,0.938357470038648,18,
Pranav Kaushik,0.3936666666666666,854.0,1,25.0,0.9999999999999998,3,
Sonit Singh,0.39237693947872876,855.0,9,11.15,0.9575261403463023,20,
Alexis Toumi,0.3907837881955542,856.0,11,18.185185185185187,0.7954488737546174,27,
Ossama Obeid,0.39005400517623046,857.0,13,34.666666666666664,0.806975267673698,24,
Zhenhao Li,0.3899676495743214,858.0,6,20.857142857142858,0.9106994941661898,14,Imperial College London
Kasia Hitczenko,0.3898303678954742,859.0,7,11.285714285714286,0.9641843565827052,21,
Dan Schwartz,0.3893333333333333,860.0,4,26.25,1.0,4,
V. Prabhakaran,0.38923440756253364,861.0,6,13.272727272727272,0.9609640474436812,11,
T. M. Herr,0.3890283269576743,862.0,7,25.375,0.9754045952796936,16,
Aditya Malte,0.3887994010005512,863.0,3,14.666666666666666,0.9697238998682473,6,
Antoine Bosselut,0.38844405156338824,864.0,5,27.636363636363637,0.946394630357186,11,
M. Chary,0.3880250219819058,865.0,7,16.9375,0.9639384467339628,16,
James H. Martin,0.3877454545454546,866.0,6,16.3,1.0,10,
H. Al-Khalifa,0.38720115277438205,867.0,10,12.45,0.9274050835227848,40,
Abhik Jana,0.38713674394475767,868.0,9,15.76923076923077,0.9714028604103716,26,
Kianté Brantley,0.3865395973587935,869.0,11,23.6875,0.8420444524398591,32,
Mariano Schain,0.38588263230722514,870.0,10,27.666666666666668,0.9320728098253052,24,
L. Siddharth,0.3857565824140866,871.0,9,16.38888888888889,0.948450312207479,18,
M. Carson,0.38532156573550697,872.0,13,16.6,0.9595099542245388,40,
Lalita Lowphansirikul,0.38528512645807744,873.0,5,27.625,0.9755037590061084,8,
Ekta Sood,0.3851892281784435,874.0,7,17.5,0.9639384467339628,14,
Ji Ma,0.38479135052751867,875.0,8,24.5,0.911188669681059,12,Google Inc
Mourad Abbas,0.384297128002524,876.0,14,16.08695652173913,0.898645944504668,46,
R. Piedeleu,0.384062924088131,877.0,8,14.08,0.9566089729477024,25,
Thanathip Suntorntip,0.38350000000000006,878.0,1,83.0,0.0,1,
Ze Gong,0.3834691642272777,879.0,9,17.263157894736842,0.975006431231153,19,
Brian N. Larson,0.382776231309238,880.0,5,12.214285714285714,1.0000000000000002,14,Texas A&M University School of Law
Yizhi Li,0.3827649786439538,881.0,13,13.513513513513514,0.6642616396032679,37,University of Manchester
Yannis Katsis,0.3825419028504458,882.0,13,15.88,0.8761048872632513,50,
K. Meichanetzidis,0.3823190711055908,883.0,13,13.622222222222222,0.847199842927668,45,
Meagan Vigus,0.3821639719849619,884.0,7,14.5,0.9739760316291208,12,
Sarah Moeller,0.3821537778350783,885.0,7,12.357142857142858,0.9788379141596312,14,
H. Khan,0.38150000000000006,886.0,1,55.0,0.0,1,
Stella Ho,0.3813468569721266,887.0,4,14.88888888888889,0.967132018086354,9,
Yixin Li,0.3811172085194452,888.0,4,35.5,0.9609640474436812,6,
Bohan Li,0.3805487331925653,889.0,9,21.652173913043477,0.9536102086656472,23,
Cristina Palomares,0.3797243213035155,890.0,13,13.916666666666666,0.8998923620520667,36,
K. Abid,0.3796022834314554,891.0,10,16.245283018867923,0.9013790478858008,53,
Xiaowei Luo,0.3788298899620025,892.0,9,25.846153846153847,0.7872226051203908,13,
Bhargav Srinivasa Desikan,0.3787298178865629,893.0,7,14.333333333333334,0.9848586617875464,12,EPFL
Pratik Ratadiya,0.3785927702981872,894.0,5,10.6,0.8982444017039272,10,
Tianchu Ji,0.37854621874040895,895.0,3,31.5,1.0,4,
Swathi Edem,0.37828571428571434,896.0,2,14.0,1.0,5,
Juraj Vladika,0.37802435125416545,897.0,6,7.476190476190476,0.9440847282550952,21,
M. Oussalah,0.377594131599695,898.0,9,10.727272727272728,0.9788390048133194,44,
Pattarawat Chormai,0.37711516688346763,899.0,6,20.375,1.0,8,
Arlene Casey,0.37677839947094877,900.0,5,8.75,0.9774175183086488,24,
Karolina Stańczak,0.37664017481848305,901.0,6,18.0,0.9708357627258162,10,Mila;McGill University
M. V. Koroteev,0.3760462217157746,902.0,5,16.357142857142858,0.9165164431996023,14,
Hongbin Yu,0.37598360450966994,903.0,2,33.0,0.9182958340544894,3,
E. Davidson,0.375727143840055,904.0,5,28.181818181818183,0.9755037590061084,11,
Isabelle Augenstein,0.37550000000000006,905.0,1,56.0,0.0,1,
Andreas Grivas,0.3753770716453724,906.0,1,18.571428571428573,1.0,7,
Julia El Zini,0.3743977811418752,907.0,6,10.375,0.9619555747789698,16,
Rouzbeh A. Shirvani,0.3727213491910565,908.0,6,24.75,0.8445412464587144,12,
P. Kłosowski,0.3716490333941043,909.0,9,7.821428571428571,0.8757006165435995,28,
Samuel A. Nastase,0.3714566726168448,910.0,10,18.514285714285716,0.6982013945452357,35,
Kiamehr Rezaee,0.3705670745606029,911.0,7,17.642857142857142,0.9575261403463023,14,
Kun Wang,0.3695770854077702,912.0,10,19.884615384615383,0.9622251746428664,26,
Andrew Cowell,0.36864091677506716,913.0,7,11.61904761904762,1.0,21,
K. Sharou,0.36859525078869804,914.0,3,10.333333333333334,0.946394630357186,6,
Linh Le,0.36807221406398377,915.0,6,6.8,0.9902871167541446,15,
ZiHang Zeng,0.36707088851084874,916.0,7,19.23076923076923,1.0000000000000004,13,
I. Trofimov,0.36689439379722966,917.0,10,13.5,0.8855632299752066,26,
Ping Li,0.3668247087957357,918.0,2,9.625,0.979569764547061,8,
Zhao Cai,0.3667290676755161,919.0,5,9.62162162162162,0.8591030787478947,37,
Manuel R. Ciosici,0.36593548692285827,920.0,7,12.6875,0.9166270687500504,16,
Peratham Wiriyathammabhum,0.3657399373916526,921.0,5,7.066666666666666,0.9352672625244964,15,
Mong Yuan Sim,0.36549999999999994,922.0,2,12.333333333333334,0.9999999999999998,3,
Ning Shi,0.3653352347404189,923.0,4,10.076923076923077,0.9172097224626078,13,
Philipp Mueller,0.3653333333333333,924.0,1,33.5,1.0,2,
D. Hartung,0.3649298178865629,925.0,5,23.8,0.9848586617875464,15,
Beatrice Alex,0.36478470762474036,926.0,2,14.88888888888889,1.0,9,
Akshay Kulkarni,0.3641058700178412,927.0,6,5.333333333333333,0.7598642307897806,27,
Yejin Choi,0.3640917651388774,928.0,5,23.727272727272727,0.930628224416578,11,
R. Billot,0.36400661364405146,929.0,6,30.692307692307693,0.9739760316291208,13,
T. Naumann,0.36334827586206897,930.0,3,37.6,0.9999999999999998,5,
Ayush Singh,0.36325216002393507,931.0,5,7.916666666666667,0.9488131148903384,12,
Yu Deng,0.3606870662884022,932.0,6,12.705882352941176,0.9636983369426122,17,
A. Bashall,0.3602222222222222,933.0,2,30.5,1.0,4,
Peerat Limkonchotiwat,0.3601663598959986,934.0,6,5.151515151515151,0.8447379761547733,33,
Prof. K. R. Chowdhary,0.35984469291776866,935.0,6,8.807692307692308,0.8920795639257109,26,M B M Engineering College
Damien Nouvel,0.3596849385795595,936.0,7,7.3076923076923075,0.9877523917548534,39,
P. Gordon,0.3590849316267109,937.0,19,13.962025316455696,0.9035086436051544,79,
Dongjin Choi,0.35823173611915526,938.0,7,10.3125,0.930688285550101,16,
Jun Wang,0.35816666666666674,939.0,5,23.625,1.0,8,
Binggui Zhou,0.3579719987793006,940.0,6,9.954545454545457,0.9710459299447972,22,
S. Nair,0.35747694297733656,941.0,1,31.0,0.9198682455847804,1,
Shenyu Xu,0.3569418045833367,942.0,6,28.666666666666668,0.920619835714305,6,
T. Manjunath,0.3569177072474443,943.0,8,5.806451612903226,0.955222212837547,31,
Lotem Peled-Cohen,0.356,944.0,1,22.5,1.0,2,
S. Siddiqui,0.35520369945897057,945.0,5,19.833333333333332,0.8649735207179272,6,
Rosa Vallejos,0.35330885232676684,946.0,6,5.285714285714286,0.9575261403463023,35,
Guangzheng Xiong,0.352,947.0,1,16.0,1.0,2,
Faizan Ahmad,0.3517128854070756,948.0,4,12.375,1.0000000000000002,8,
Nikola Tulechki,0.3515972797312157,949.0,4,28.285714285714285,0.9609640474436812,7,
Wannaphong Phatthiyaphaibun,0.3512213739099679,950.0,4,7.375,0.935944697445866,16,
Zhaorong Zong,0.3504573265150912,951.0,3,12.8,0.9182958340544894,5,
Xiao Li,0.35005239364584095,952.0,3,30.4,0.946394630357186,5,
Nikita Klyuchnikov,0.3495207225265851,953.0,9,15.045454545454543,0.9313594078495964,22,
John Moore,0.34844444444444445,954.0,5,20.666666666666668,1.0,18,
Mengqi Wang,0.3477342145025153,955.0,3,19.0,1.0000000000000002,5,
C. Manning,0.3472043010752688,956.0,1,8.833333333333334,1.0,6,
J. Hochgesang,0.3471234173267832,957.0,8,11.642857142857142,0.8845147656768563,28,
Joanne Boisson,0.34668961829977607,958.0,4,13.615384615384617,0.9766146686727132,13,
Y. Vasiliev,0.34648405535286997,959.0,3,5.684210526315789,0.9198682455847804,19,
Zaid Zada,0.3434252426422604,960.0,8,22.68421052631579,0.7132785079020678,19,Princeton University
Jeremy Goldwasser,0.3428016824769433,961.0,3,16.4,0.9697238998682473,10,
M. Abbaszade,0.3402333333333333,962.0,3,10.6,0.9999999999999998,5,
Changchun Hong,0.3400446281023928,963.0,2,9.8,0.9182958340544894,5,
Ji-Ung Lee,0.33869686222021606,964.0,6,12.384615384615383,0.9484503122074792,13,
Can Udomcharoenchaikit,0.33817478829135345,965.0,5,6.125,0.930392717459259,24,
Deepa Yogish,0.33747055301766526,966.0,4,5.7272727272727275,0.930628224416578,11,
Z. Bilgrami,0.33670448716315593,967.0,8,7.794117647058823,0.8443648600007633,34,
Korakot Chaovavanich,0.33599999999999997,968.0,2,29.0,1.0,3,
Adarsha Shivananda,0.33505431125931706,969.0,6,5.833333333333333,0.7974532071960978,24,
Richard Tobin,0.33420000000000005,970.0,1,25.8,1.0,5,
Arthit Suriyawongkul,0.33416440507944895,971.0,3,11.9,0.9629610647945144,10,ADAPT Centre
Charin Polpanumas,0.33413031005969257,972.0,6,26.0,0.8983289127685204,10,
N. Khan,0.33243655312750875,973.0,8,16.764705882352942,0.9409583900892996,17,
G. Felice,0.33131072600769707,974.0,11,12.825,0.810794882206145,40,
Simon Tannert,0.3306269841269841,975.0,4,19.571428571428573,1.0000000000000002,7,
Bobbi Aubrey,0.32879639723683796,976.0,7,29.785714285714285,0.7551630862513187,14,
Osman Guzide,0.3264958422783381,977.0,5,5.925925925925926,0.6865507212606353,27,
Ke Xu,0.32587036612563725,978.0,3,20.0,0.8649735207179272,5,
Xujuan Zhou,0.3255962584770178,979.0,3,6.3,0.9708357627258162,10,
M. Radeos,0.3250163601135434,980.0,15,12.982758620689657,0.8947672573493324,58,
Hulin Wang,0.3231715847592568,981.0,6,23.7,0.9697238998682473,10,
Mikhail Salnikov,0.32269602063387426,982.0,5,21.125,0.9165164431996023,8,Skoltech
James F. Martin,0.32208869594003786,983.0,3,4.578947368421052,0.946394630357186,19,
Mariam Zomorodi,0.31594872714797406,984.0,7,9.923076923076923,0.9770696496367745,13,
R. H. Perlis,0.31471935835715603,985.0,7,14.45,0.7414439525170822,20,
A. Nik,0.3111303423881071,986.0,4,11.5,0.9182958340544894,4,
Shi Wang,0.3107020416359776,987.0,5,15.8,0.9609640474436812,5,
S. S. Mousavi,0.305457264957265,988.0,3,5.888888888888889,1.0000000000000002,9,
Kenneth Lai,0.28537705198403535,989.0,5,6.363636363636363,0.9236476643394022,22,
Asma Khan,0.2815000000000001,990.0,1,55.0,0.0,1,
L. Huang,0.27892857142857147,991.0,3,9.857142857142858,1.0000000000000002,7,
Erik W. Kuiler,0.2527965710035408,992.0,5,6.894736842105263,0.3912435636292556,19,
Lauritz Gerlach,0.2315,993.0,1,45.0,0.0,1,
Saumil Parikh,0.23068559339476444,994.0,3,6.75,0.5916727785823274,12,
Yu,0.21994444444444447,995.0,1,46.0,0.0,2,
Yiyun Zhou,0.2195,996.0,1,42.0,0.0,1,
Gongcheng Wang,0.2021666666666667,997.0,2,23.0,0.0,3,
Eric Hermann,0.1867,998.0,2,33.8,0.0,5,
Shaochun Hao,0.17950000000000002,999.0,1,32.0,0.0,1,
Maged S. Alshaibani,0.1585,1000.0,3,28.0,0.0,3,
